"Incident ID","Incident Date",State,"City Or County",Address,"Victims Killed","Victims Injured","Suspects Killed","Suspects Injured","Suspects Arrested",Operations
3479508,"June 1, 2026",Iowa,Muscatine,"210 Park Ave",6,0,1,0,0,N/A
3477134,"May 27, 2026",Ohio,Columbus,"2929 Chatsworth Way",2,0,0,0,1,N/A
3476727,"May 27, 2026",California,"Los Angeles","16242 Londelius St",3,0,1,0,0,N/A
3476402,"May 27, 2026",Alabama,Selma,"1000 block of Old Montgomery Hwy",1,0,0,0,0,N/A
3475769,"May 26, 2026",Missouri,"Saint Louis","400 block of Midlothian Rd",1,0,0,0,0,N/A
3474746,"May 25, 2026",Arizona,Glendale,"6070 W Bell Rd",2,1,1,0,0,N/A
3475459,"May 25, 2026","North Carolina",Reidsville,US-29,1,0,0,0,0,N/A
3474683,"May 24, 2026",Illinois,Chicago,"900 block of E 104th St",1,0,0,0,0,N/A
3474164,"May 23, 2026",Florida,Sarasota,"4700 block of Mondrian Ct",2,0,0,0,1,N/A
3474222,"May 23, 2026",Texas,Ferris,"Tidwell Dr",1,0,0,0,0,N/A
3470765,"May 17, 2026",Arkansas,Jacksonville,"2000 block of Cloverdale Rd",1,0,0,0,2,N/A
3469024,"May 15, 2026",Ohio,Eastlake,"33400 Vine St",1,0,0,0,0,N/A
3467738,"May 12, 2026",Missouri,Florissant,"2100 block of Flordawn Dr",1,0,0,0,1,N/A
3466058,"May 10, 2026",Illinois,Princeton,"2765 East St",1,0,0,1,1,N/A
3465509,"May 9, 2026",Louisiana,Alexandria,"3000 block of Houston St",1,0,0,0,0,N/A
3464505,"May 8, 2026",Michigan,Flint,"2500 block of Altoona St",1,1,0,0,0,N/A
3461956,"May 4, 2026",Texas,Houston,"2113 Kingston St",3,0,1,0,0,N/A
3461550,"May 3, 2026",Texas,Lapryor,N/A,1,0,0,0,0,N/A
3461728,"May 3, 2026",Florida,"Plant City","911 N Burton St",4,0,0,0,0,N/A
3459355,"April 29, 2026",Michigan,Fennville,"1258 56th St",1,0,1,0,0,N/A
3458696,"April 29, 2026",Wisconsin,Milwaukee,"3400 block of W Walnut St",1,0,0,0,0,N/A
3455384,"April 23, 2026",Texas,Dallas,"1700 block of Hemphill Dr",1,0,0,0,1,N/A
3453891,"April 21, 2026",Georgia,Augusta,"1237 Gordon Hwy",1,0,0,0,0,N/A
3453798,"April 20, 2026",Mississippi,Hattiesburg,"212 Martin Luther King Ave",1,0,0,0,0,N/A
3452118,"April 19, 2026",Louisiana,Shreveport,"355 W 79th St",8,2,1,0,0,N/A
3449837,"April 15, 2026",Texas,Richardson,"500 block of E Buckingham Rd",2,0,1,0,0,N/A
3448407,"April 13, 2026",Nevada,Elko,"975 Terminal Way",1,0,1,0,0,N/A
3447075,"April 10, 2026",Wisconsin,Lamartine,"6281 Schraven Cir",1,0,0,0,0,N/A
3445277,"April 6, 2026",Virginia,Elliston,"100 block of Walthall St",1,0,0,0,0,N/A
3443270,"April 5, 2026",Georgia,Atlanta,"949 Washington St SW",1,0,0,0,1,N/A
3443929,"April 5, 2026",Florida,Bonifay,"Twin Lakes Dr",1,0,0,0,0,N/A
3441214,"April 1, 2026","New York",Brooklyn,"Humboldt St and Moore St",1,1,0,0,1,N/A
3441284,"March 31, 2026",Florida,Okeechobee,"800 block of SE 8th St",1,0,0,0,0,N/A
3439893,"March 30, 2026",Minnesota,"Detroit Lakes","25291 Co Rd 113",1,0,1,0,0,N/A
3438857,"March 28, 2026",Tennessee,Nashville,"3100 block of Qualynn Dr",1,0,0,0,0,N/A
3439951,"March 28, 2026",Kansas,Brookville,"KS-141 and Ave N",2,0,0,0,0,N/A
3438351,"March 27, 2026",Texas,"Haltom City","6125 E Belknap St",2,0,1,0,0,N/A
3438815,"March 27, 2026",Connecticut,Plainville,"36 Milford St",3,0,1,0,0,N/A
3437110,"March 25, 2026",Georgia,Ellenwood,"4194 Loveless Dr",1,0,0,0,0,N/A
3434651,"March 22, 2026",Oklahoma,"Oklahoma City","2424 NW 39th St",1,0,0,0,1,N/A
3438829,"March 22, 2026","South Dakota",Owanka,N/A,1,0,0,0,0,N/A
3435925,"March 22, 2026",Florida,Jacksonville,"1214 Labelle St",1,0,0,0,1,N/A
3435619,"March 21, 2026",Oklahoma,Poteau,"27762 Old Tarby Rd",2,0,0,0,1,N/A
3432852,"March 18, 2026",Minnesota,"Circle Pines (Lexington)","9300 block of Ryan Pl",2,0,0,0,1,N/A
3431997,"March 17, 2026",Alabama,"Phenix City","1200 12th St",1,0,0,0,1,N/A
3431124,"March 15, 2026",Louisiana,Youngsville,"508 Braxton Dr",2,0,1,0,0,N/A
3427975,"March 10, 2026",Louisiana,"Baton Rouge","1000 Government St",1,0,0,0,0,N/A
3428246,"March 10, 2026",Virginia,Petersburg,"2300 block of Navajo Ct",1,0,0,0,1,N/A
3427172,"March 8, 2026",Tennessee,Mcminnville,"264 Greenwood Dr",2,0,1,0,0,N/A
3426553,"March 8, 2026",Louisiana,"Baton Rouge","5700 block of San Juan Dr",1,0,0,0,4,N/A
3427099,"March 8, 2026",Georgia,Butler,"66 Peters Rd",1,0,0,0,0,N/A
3426059,"March 7, 2026",Georgia,Butler,"66 Peters Rd",1,0,0,0,0,N/A
3423175,"March 2, 2026",Nevada,"Las Vegas","11000 block of Victoria Medici St",2,0,0,0,1,N/A
3422533,"March 2, 2026",Michigan,Detroit,"9731 Harper Ave",1,0,0,0,0,N/A
3420705,"February 25, 2026",Alabama,Greenville,N/A,1,0,0,0,0,N/A
3419134,"February 24, 2026",Georgia,Atlanta,"2200 block of Tiger Flowers Dr NW",1,1,0,0,2,N/A
3415389,"February 18, 2026",Georgia,Atlanta,"501 N River Pkwy",1,0,0,0,0,N/A
3415329,"February 17, 2026","South Carolina","Rock Hill","500 block of Frank St",1,0,1,1,1,N/A
3414875,"February 17, 2026",Tennessee,Clairfield,"6000 block of TN-90",1,0,0,0,0,N/A
3414360,"February 17, 2026","New Mexico",Tijeras,"768 NM-333",1,2,0,0,1,N/A
3414593,"February 17, 2026",Maryland,"Montgomery Village","10100 block of Maple Leaf Dr",1,0,0,0,0,N/A
3413513,"February 15, 2026",Nevada,"Las Vegas","3700 W Flamingo Rd",1,0,1,0,0,N/A
3412444,"February 13, 2026",Michigan,Lansing,"Farmstead Ln and Green Meadows Dr",1,2,0,0,1,N/A
3410467,"February 10, 2026",Florida,Ocala,"3575 SE Fort King St",2,0,1,0,0,N/A
3408730,"February 7, 2026",Indiana,Mishawaka,"300 block of S Taylor St",1,0,0,0,1,N/A
3408103,"February 6, 2026",Missouri,"Florissant (Black Jack)","12400 block of Jerries Ln",1,0,0,0,0,N/A
3405750,"February 3, 2026",Nevada,"Las Vegas","8400 S Maryland Pkwy",1,0,1,0,0,N/A
3401982,"January 27, 2026",California,"Rancho Cordova","5420 Mill Water Cir",3,0,1,0,0,N/A
3403678,"January 27, 2026",Mississippi,Hattiesburg,"500 block of 7th Ave",2,0,1,0,0,N/A
3402701,"January 26, 2026","New York","Rochester (Greece)","Squareview Ln",1,0,1,0,0,N/A
3401255,"January 25, 2026",Illinois,Joliet,"718 Garnsey Ave",2,0,0,1,1,N/A
3399073,"January 21, 2026",Michigan,Lansing,"601 Sadie Ct",1,0,0,0,0,N/A
3398548,"January 18, 2026",Missouri,Moberly,N/A,1,0,0,0,0,N/A
3395562,"January 13, 2026","South Carolina",Orangeburg,"491 Gibson St",2,1,0,0,1,N/A
3392841,"January 10, 2026",Pennsylvania,Pittsburgh,"900 block of Kirkbride St",1,0,0,0,0,N/A
3393190,"January 10, 2026",Louisiana,Lafayette,"100 block of Lena St",1,0,0,0,0,N/A
3392576,"January 9, 2026",Mississippi,Cedarbluff,"123 David Hill Rd",6,0,0,0,1,N/A
3391209,"January 7, 2026",Alabama,Hayden,"24 Orchard Cir",1,0,0,0,0,N/A
3387870,"January 2, 2026",Tennessee,Waverly,"431 E Little Richland Rd",3,0,1,0,0,N/A
3387384,"January 1, 2026",Ohio,Cincinnati,"W Liberty St",1,0,0,0,0,N/A
3387976,"January 1, 2026",Louisiana,Sulphur,"Quelqueshue St",1,0,0,0,1,N/A
3382914,"December 23, 2025","New Mexico","Silver City",N/A,1,0,0,0,1,N/A
3381363,"December 22, 2025",Ohio,Columbus,"1500 block of E Long St",1,0,0,0,0,N/A
3380277,"December 21, 2025",Missouri,"Saint Louis","5700 block of Floy Ave",2,0,0,0,1,N/A
3390061,"December 16, 2025",Utah,Tremonton,N/A,1,0,1,0,0,N/A
3377709,"December 16, 2025","South Carolina","North Charleston","2200 block of Van Buren Ave",1,0,0,0,3,N/A
3376992,"December 15, 2025",Georgia,Aragon,N/A,1,0,0,0,0,N/A
3378654,"December 14, 2025",Tennessee,Knoxville,"Vada Cir",1,0,0,0,0,N/A
3374253,"December 12, 2025",Georgia,"Stone Mountain","1 Chatfield Dr",2,0,0,1,0,N/A
3372985,"December 9, 2025",Wisconsin,Milwaukee,"N Vel R Phillips Ave and W Clarke St",1,0,0,0,0,N/A
3372891,"December 9, 2025",Texas,Odessa,"8740 Hunter Miller Way",3,0,0,0,1,N/A
3372163,"December 8, 2025",Texas,"San Antonio","10000 block of Windstone Creek",1,0,0,0,0,N/A
3369783,"December 5, 2025",Ohio,Columbus,"200 block of S Wheatland Ave",1,0,0,0,1,N/A
3368944,"December 3, 2025",Arkansas,"Fort Smith","1118 S First Ave",2,0,1,0,0,N/A
3367188,"November 30, 2025",Oklahoma,Afton,N/A,1,0,0,0,0,N/A
3365598,"November 29, 2025",Ohio,Mansfield,"927 Woodville Rd",1,0,1,0,0,N/A
3365899,"November 29, 2025",California,Stockton,"1943 Lucile Ave",4,13,0,0,0,N/A
3365092,"November 27, 2025",Indiana,Indianapolis,"5200 block of Corgan Way",1,0,0,0,0,N/A
3361306,"November 22, 2025",Georgia,Hinesville,"600 block of Slade St",1,0,0,0,0,N/A
3360571,"November 22, 2025",Arizona,Phoenix,"1950 W Baseline Rd",2,2,0,0,1,N/A
3358877,"November 19, 2025",Ohio,Tiffin,"168 Huss St",3,0,1,0,0,N/A
3356683,"November 17, 2025",California,"Baldwin Park","12749 Royston St",3,0,1,0,0,N/A
3357283,"November 17, 2025",Mississippi,Jackson,"Rutledge Ave",1,0,0,0,0,N/A
3356033,"November 15, 2025","New Jersey",Newark,"300 block of Chancellor Ave",3,2,0,0,4,N/A
3355670,"November 14, 2025",Oklahoma,Hominy,"OK-99 and Core Rd",1,0,0,0,0,N/A
3355796,"November 14, 2025",Nevada,Henderson,"I-215 and Gibson Rd",1,0,0,0,1,N/A
3357392,"November 14, 2025","West Virginia",Martinsburg,"Needmore Rd",1,0,0,0,0,N/A
3352719,"November 9, 2025",Florida,Tallahassee,"4200 block of Augustus Oak Ct",1,0,0,0,0,N/A
3351903,"November 8, 2025",Kentucky,Louisville,"6900 block of Bardstown Rd",1,0,0,0,0,N/A
3351355,"November 8, 2025",Alabama,Gadsden,N/A,1,0,0,0,0,N/A
3347270,"November 1, 2025",Texas,Livingston,"800 block of US-59 Loop S",1,0,1,0,0,N/A
3344425,"October 29, 2025",Texas,Abilene,N/A,1,0,0,0,0,N/A
3343092,"October 28, 2025",Louisiana,Monroe,"2000 block of Grammont St",3,0,0,0,2,N/A
3342234,"October 26, 2025",Ohio,Columbus,"1500 block of Grandview Ave",1,0,0,0,0,N/A
3338803,"October 23, 2025",Texas,"Conroe (Cut And Shoot)","11800 block of Crystal Creek Dr",2,0,1,0,0,N/A
3334531,"October 16, 2025",Arizona,Pima,"27 S Main St",3,0,1,0,0,N/A
3328473,"October 10, 2025",Ohio,Dayton,"3000 block of Nicholas Rd",1,1,0,0,0,N/A
3327383,"October 9, 2025","New York",Newburgh,"184 North Miller St",1,0,0,0,1,N/A
3381849,"October 9, 2025",Utah,"Torrey (Caineville)",UT-24,1,0,0,0,1,N/A
3327845,"October 9, 2025",Illinois,Springfield,"3000 block of Hoover Ave",3,0,0,0,0,N/A
3353443,"October 8, 2025",California,"San Francisco","930 Monterey Blvd",3,0,0,0,0,N/A
3324784,"October 6, 2025",Ohio,Lancaster,"400 block of Summitview Dr",1,0,0,0,0,N/A
3399227,"October 4, 2025","North Carolina",Troy,"220 W Spring St",1,0,0,0,1,N/A
3322765,"October 4, 2025",Texas,Angleton,"22679 State Hwy 288",2,2,0,0,1,N/A
3324138,"October 4, 2025",Indiana,Gary,"452 Madison St",1,0,0,0,0,N/A
3319731,"September 29, 2025",Tennessee,Burns,N/A,1,0,0,0,0,N/A
3318379,"September 28, 2025","South Carolina",Pageland,"263070 SC-9",1,0,0,0,2,N/A
3314235,"September 23, 2025",Georgia,Marietta,"2682 Windy Hill Rd SE",1,0,0,0,5,N/A
3313171,"September 22, 2025",Ohio,Columbus,"6600 block of Kodiak Dr",1,0,0,0,0,N/A
3309553,"September 17, 2025","North Carolina",Charlotte,"2227 Cigar Ct",1,0,0,0,4,N/A
3309191,"September 16, 2025",Wisconsin,Milwaukee,"5500 block of N 68th St",1,0,0,0,1,N/A
3307723,"September 13, 2025",Texas,Georgetown,"300 Luther Dr",3,0,0,0,1,N/A
3307559,"September 13, 2025","South Carolina",Johnsonville,"904 S Midway Hwy",1,0,0,0,1,N/A
3303399,"September 8, 2025",Illinois,Chicago,"300 block of E 87th St",1,0,0,0,0,N/A
3304844,"September 6, 2025",Texas,Louise,"1102 W North St",1,1,0,0,0,N/A
3302567,"September 6, 2025",Oregon,Portland,"7324 SE 64th Ave",2,0,1,0,0,N/A
3301711,"September 5, 2025",Louisiana,"Baton Rouge","4400 block of Sumrall Dr",1,0,0,0,0,N/A
3301709,"September 4, 2025",Minnesota,Roosevelt,N/A,1,0,0,0,0,N/A
3298854,"September 1, 2025",Texas,Canyon,"5707 4th Ave",1,0,0,0,0,N/A
3351154,"August 30, 2025",Washington,Tacoma,"3500 block of E Grandview Ave",1,0,0,0,0,N/A
3298192,"August 30, 2025",Texas,Houston,"9734 Mimbrough St",1,0,0,0,1,N/A
3299275,"August 30, 2025",Texas,Houston,"9700 block of Racine St",1,0,0,0,0,N/A
3297403,"August 29, 2025",Florida,Melbourne,"904 Poplar Ln",1,2,0,0,1,N/A
3296453,"August 28, 2025",Maryland,Catonsville,"742 Wilton Farm Dr",2,0,1,0,0,N/A
3294737,"August 27, 2025",Minnesota,Minneapolis,"509 W 54th St",2,27,1,0,0,N/A
3292974,"August 24, 2025",Illinois,Chicago,"4441 S Greenwood Ave",1,0,0,0,0,N/A
3293234,"August 24, 2025",Louisiana,Lafayette,"510 Saucier Pkwy",1,0,0,0,4,N/A
3294079,"August 24, 2025",Oklahoma,Tulsa,"1624 E Virgin St",1,1,0,0,1,N/A
3291892,"August 21, 2025",California,"Shingle Springs (Cameron Park)","3020 Oakwood Rd",2,0,0,0,1,N/A
3290576,"August 20, 2025",Georgia,Augusta,"1102 New Savannah Rd",1,1,0,0,1,N/A
3290425,"August 19, 2025",Alabama,"Birmingham (Center Point)","713 24th Ave NW",1,0,0,0,0,N/A
3290040,"August 18, 2025","New Hampshire",Madbury,"14 Moharimet Dr",3,0,1,0,0,N/A
3290706,"August 17, 2025",Georgia,Griffin,"749 Carver Rd",1,0,0,0,0,N/A
3287579,"August 15, 2025",Ohio,Struthers,"400 block of Spring St",1,0,0,0,0,N/A
3286796,"August 14, 2025",Alabama,Daphne,"9433 Sable Ct",3,0,1,0,0,N/A
3285455,"August 11, 2025",Oregon,"Grants Pass","230 Hussey Ln",4,0,1,0,0,N/A
3284215,"August 11, 2025",Texas,Austin,"8601 Research Blvd",3,0,0,0,1,N/A
3282808,"August 9, 2025",Texas,Dallas,"1918 Dudley Ave",2,0,1,0,0,N/A
3283008,"August 8, 2025",Missouri,Springfield,"900 block of N Fulbright Ave",1,0,0,0,0,N/A
3284794,"August 8, 2025",Tennessee,Nashville,"765 McMurray Dr",1,0,0,0,0,N/A
3282365,"August 7, 2025",Mississippi,Meridian,"3800 block of 44th St",1,0,0,0,0,N/A
3281358,"August 5, 2025",Alabama,Huntsville,"1115 Retlaw St",1,0,1,0,0,N/A
3279862,"August 4, 2025",Michigan,Saginaw,"Robinwood Ave and Erie St",1,1,0,0,0,N/A
3282341,"August 3, 2025",Florida,"Palm Harbor","31177 US-19 N",1,0,0,0,0,N/A
3278261,"August 3, 2025","South Carolina",Spartanburg,"300 block of Collins Ave",1,0,0,0,0,N/A
3278327,"August 3, 2025",Mississippi,Jackson,"3600 block of Lampton Ave",1,0,0,0,0,N/A
3273272,"July 27, 2025",Michigan,Detroit,"17400 block of Anglin St",1,0,0,0,3,N/A
3272087,"July 25, 2025",Texas,"San Antonio","3500 block of Bob Billa St",1,0,0,0,1,N/A
3270103,"July 23, 2025",Georgia,Decatur,"4400 block of Pleasant Point Dr",1,0,0,0,0,N/A
3266462,"July 19, 2025",Washington,Renton,"1430 Hillcrest Ln NE",3,0,0,0,1,N/A
3263875,"July 12, 2025",Louisiana,"La Salle Parish (county)",N/A,1,0,0,0,0,N/A
3261090,"July 11, 2025",Indiana,Indianapolis,"2000 block of Ralston Ave",1,0,0,0,0,N/A
3262725,"July 11, 2025",Georgia,Bainbridge,"3000 block of Vada Rd",1,0,0,0,1,N/A
3263800,"July 10, 2025",Oklahoma,Norman,"Classen Blvd and 12th Ave SE",1,0,0,0,0,N/A
3260327,"July 10, 2025",Wisconsin,Milwaukee,"N 75th St and W Northridge Lakes Blvd",1,0,0,0,1,N/A
3258653,"July 8, 2025",Texas,Hearne,"Austin St",1,0,0,0,0,N/A
3258450,"July 6, 2025",Oklahoma,"Oklahoma City","12800 block of Stratford Dr",1,0,0,0,0,N/A
3253629,"July 5, 2025","District of Columbia",Washington,"1000 block of 14th St SE",1,0,0,0,1,N/A
3251439,"July 2, 2025",Georgia,"Atlanta (East Point)","1300 block of Hawthorne Way",1,0,0,0,0,N/A
3248610,"June 29, 2025",Oklahoma,Bethany,"6908 NW 42nd St",1,0,1,0,0,N/A
3247438,"June 27, 2025",Michigan,Detroit,"12800 Kelly Rd",2,1,0,0,1,N/A
3246399,"June 25, 2025","South Carolina","Beech Island","100 block of Dorsett Kenzie Rd",1,0,0,0,3,N/A
3243586,"June 23, 2025",Minnesota,Minneapolis,"1615 N Dowling Ave",0,0,1,0,0,N/A
3279965,"June 23, 2025","North Carolina","Durham (East Durham)","Holloway St and N Briggs Ave",1,0,0,0,0,N/A
3244545,"June 23, 2025","North Carolina",Durham,"800 block of N Briggs Ave",1,0,0,0,0,N/A
3241828,"June 20, 2025",Indiana,Indianapolis,"2330 E 46th St",1,0,0,0,0,N/A
3234370,"June 15, 2025",Utah,"Salt Lake City (West Valley City)","5405 W 3100 S",3,2,0,0,1,N/A
3234035,"June 14, 2025","South Carolina",Union,"Hill St",1,0,0,0,0,N/A
3233431,"June 14, 2025",Tennessee,Nashville,"Westchester Dr and Brick Church Pike",1,4,0,0,1,N/A
3232337,"June 13, 2025",Georgia,Decatur,"2505 Columbia Dr",2,0,0,0,1,N/A
3228822,"June 9, 2025",Minnesota,Minneapolis,"2900 block of Colfax Ave N",1,0,1,0,0,N/A
3227886,"June 7, 2025",Texas,Katy,"20100 Park Row Blvd",2,0,1,0,0,N/A
3228507,"June 7, 2025",Indiana,Evansville,"1300 block of Florence St",1,0,0,0,0,N/A
3227005,"June 5, 2025",Virginia,"Manassas (Manassas Park)","9427 Lanae Ln",3,0,1,0,0,N/A
3226482,"June 5, 2025","New Jersey",Trenton,"238 Henry St",2,0,1,0,0,N/A
3225418,"June 3, 2025",Arizona,Phoenix,"6th Ave and W Wier Ave",1,0,0,0,0,N/A
3238854,"May 30, 2025",Indiana,"North Manchester","1001 Clear Creek Trail",1,0,0,0,0,N/A
3221430,"May 29, 2025",Georgia,Statesboro,"350 Rucker Ln",1,0,0,0,0,N/A
3220515,"May 28, 2025",Oklahoma,"Broken Arrow","123 W Roanoke St",2,0,1,0,0,N/A
3220298,"May 27, 2025",Montana,Libby,"64 Granite Creek Rd",1,0,0,0,0,N/A
3219051,"May 27, 2025",Alabama,Valley,"2000 Calgary Crescent",1,0,0,0,0,N/A
3220178,"May 27, 2025",Georgia,Brooklet,"413 N Cromley Rd",1,0,1,0,0,N/A
3226060,"May 26, 2025",Mississippi,Greenville,N/A,1,0,0,0,1,N/A
3217607,"May 24, 2025",Missouri,"Saint Louis","Bircher Blvd and Ruskin Ave",2,1,0,0,0,N/A
3212426,"May 18, 2025",Pennsylvania,Philadelphia,"3900 block of Lankenau Ave",1,0,1,0,0,N/A
3212018,"May 17, 2025",Maine,Lewiston,"93 Pierce St",1,0,0,0,0,N/A
3211963,"May 16, 2025",Wisconsin,Racine,"2613 Prospect St",1,0,0,0,1,N/A
3208142,"May 12, 2025",Louisiana,"New Orleans","2900 block of Lawrence St",1,0,0,0,2,N/A
3207420,"May 11, 2025",Montana,Kalispell,"127 Werner Peak Trail",3,0,1,0,0,N/A
3205706,"May 9, 2025","New Hampshire","Suncook (Pembroke)","336 Pembroke Hill Rd",1,0,1,0,0,N/A
3205433,"May 7, 2025","North Carolina",Mebane,"W Lee St and S 1st St",1,0,0,0,0,N/A
3203804,"May 6, 2025","New Jersey",Blackwood,"400 block of Westminster Blvd",1,0,0,0,0,N/A
3203489,"May 5, 2025",Missouri,"Saint Louis","1801 Longford Dr",1,0,0,0,0,N/A
3202279,"May 5, 2025",Louisiana,Keithville,"10065 Mustang Cir",3,0,1,0,0,N/A
3201489,"May 3, 2025",Wisconsin,"Crystal Lake",N/A,1,0,0,0,0,N/A
3200785,"May 3, 2025",Maryland,Baltimore,"800 block of Vine St",1,0,0,0,0,N/A
3200016,"May 1, 2025",Virginia,"Richmond (North Chesterfield)","2800 block of Avalon Heights Rd",1,0,0,0,0,N/A
3200371,"May 1, 2025",Arizona,Surprise,"N 184th Dr and W Bell Rd",1,0,0,0,1,N/A
3195125,"April 25, 2025","South Carolina",Greenville,"25 Fleetwood Dr",1,2,0,0,2,N/A
3190463,"April 20, 2025",Florida,Jacksonville,"5800 block of Calvary Dr",1,0,0,0,0,N/A
3189186,"April 19, 2025",Nebraska,Omaha,"S 145th Ave and Hascall St",1,0,0,0,0,N/A
3187703,"April 17, 2025",California,Lancaster,"20th St E and Ave K",1,0,0,0,0,N/A
3187482,"April 16, 2025","South Carolina",Sumter,"1130 Floyd Dr",2,0,0,0,1,N/A
3184933,"April 14, 2025",Ohio,Youngstown,"2005 Pointview Ave",1,0,0,0,0,N/A
3183942,"April 13, 2025",Georgia,Atlanta,"100 Bell St SE",1,0,0,0,1,N/A
3183208,"April 11, 2025",Texas,"Fort Worth (Everman)","9112 Metcalf Ln",1,0,0,0,0,N/A
3182786,"April 11, 2025",Tennessee,Memphis,"700 block of Josephine St",1,0,0,0,1,N/A
3181376,"April 9, 2025",Texas,Lubbock,"2900 block of E Bates St",1,0,0,0,0,N/A
3180633,"April 8, 2025",California,Antioch,"21 Clearbrook Rd",1,0,0,0,0,N/A
3180130,"April 7, 2025",Texas,Odessa,"1000 block of W Monahans St",1,0,0,0,3,N/A
3178990,"April 6, 2025","New Mexico",Albuquerque,"1932 Buena Vista Dr SE",1,0,0,0,0,N/A
3178736,"April 6, 2025",Alabama,Whatley,"113 Mary Aquilla Rd",2,1,1,0,0,N/A
3176729,"April 3, 2025",Tennessee,Memphis,"3600 block of Brompton Rd",1,0,0,0,0,N/A
3175299,"April 1, 2025",Wisconsin,Milwaukee,"4200 block of N 51st Blvd",1,0,0,0,0,N/A
3174970,"March 31, 2025",Iowa,Ames,"200 block of S Sherman Ave",1,0,0,0,0,N/A
3173385,"March 29, 2025",Mississippi,Greenwood,"700 block of E Martin Luther King Jr Dr",1,0,0,0,0,N/A
3243967,"March 28, 2025","South Carolina",Greer,"125 Marilyn Ferry Ln",2,0,1,0,0,N/A
3171809,"March 28, 2025",Utah,"Saratoga Springs","1244 N Willowbrook Ln",2,0,0,0,0,N/A
3170672,"March 26, 2025",Florida,"Hallandale (Hallandale Beach)","3181 W Hallandale Beach Blvd",4,1,1,0,0,N/A
3167903,"March 24, 2025","North Carolina",Wadesboro,"Little Creek Rd",1,0,1,0,0,N/A
3168023,"March 24, 2025",Georgia,Ideal,"750 block of Everett Wood Rd",1,0,0,0,0,N/A
3165186,"March 20, 2025",Illinois,Chicago,"1400 block of E 71st Pl",1,0,0,1,0,N/A
3163349,"March 17, 2025","New York",Syracuse,"128 Roney Rd",2,0,0,0,1,N/A
3162228,"March 16, 2025",Connecticut,"New Haven","Dewitt St",1,0,0,0,0,N/A
3161789,"March 16, 2025",Kansas,Wichita,"3713 E Ross Pkwy",1,0,0,0,0,N/A
3156309,"March 9, 2025","South Carolina",Lancaster,"542 Mosteller Dr",2,0,1,0,0,N/A
3157175,"March 7, 2025",Ohio,"Chagrin Falls","19100 block of Brookfield Dr",1,0,1,0,0,N/A
3152539,"March 4, 2025","North Dakota",Tokio,N/A,2,1,0,0,1,N/A
3151640,"March 3, 2025",Texas,"Fort Worth (Forest Hill)","6500 Forest Hill Dr",2,0,0,0,2,N/A
3149550,"February 28, 2025","North Carolina",Henderson,"318 Gary St",1,0,0,0,0,N/A
3150712,"February 28, 2025",Kansas,Wichita,"2200 block of Santa Fe S",1,0,0,0,0,N/A
3150234,"February 28, 2025",Missouri,"Saint Louis","5000 block of Cates Ave",1,0,1,0,0,N/A
3148738,"February 26, 2025",Arizona,Tucson,"W 27th St and S 10th Ave",1,0,0,0,0,N/A
3144343,"February 21, 2025",Florida,Davenport,"Citrus Landing Blvd",1,0,0,0,0,N/A
3144274,"February 21, 2025",Indiana,"Lake Station","6700 block of 9th Ave",4,0,1,0,0,N/A
3142320,"February 18, 2025",Florida,"Port Saint Lucie","5700 block of NW Zenith Dr",1,0,0,0,0,N/A
3141469,"February 17, 2025",Wisconsin,Milwaukee,"N 39th St and W Sheridan Ave",1,0,0,0,0,N/A
3136711,"February 10, 2025",Wyoming,Byron,"239 E Shoshone Ave",4,0,1,0,0,N/A
3136663,"February 10, 2025",Nevada,"Silver Springs","3230 Spring Cir",1,0,1,0,0,N/A
3135356,"February 8, 2025",Illinois,Urbana,"900 block of Lanore Dr",2,0,0,0,1,N/A
3135332,"February 8, 2025",Georgia,Americus,"600 block of Eastview Cir",2,1,0,0,3,N/A
3134462,"February 7, 2025",Ohio,Cleveland,"3900 block of E 147th St",1,0,0,0,1,N/A
3134387,"February 6, 2025",Florida,Inglis,N/A,1,1,0,0,0,N/A
3133481,"February 6, 2025",Virginia,Chesapeake,"3025 Welcome Rd",3,0,1,0,0,N/A
3146260,"February 3, 2025",Arizona,"Show Low","1700 block of W Merrill",1,0,0,0,1,N/A
3129598,"January 31, 2025",Florida,Sebring,"N Huckleberry Lake Dr",2,0,1,0,0,N/A
3129679,"January 31, 2025","New Jersey",Newark,"100 block of Osborne Terrace",1,1,0,0,1,N/A
3126070,"January 27, 2025",Missouri,"Saint Louis","10500 block of Castle Dr",1,0,0,0,0,N/A
3125403,"January 26, 2025",Tennessee,Murfreesboro,"805 Bradyville Pike",1,1,1,0,0,N/A
3124530,"January 25, 2025",Maryland,Baltimore,"3500 block of Ingleside Ave",1,0,0,0,0,N/A
3125747,"January 25, 2025",Kentucky,Radcliff,"North St",1,0,0,0,0,N/A
3124216,"January 24, 2025",Florida,Jacksonville,"2215 Commonwealth Ave",1,1,0,0,6,N/A
3123761,"January 23, 2025",Pennsylvania,Ruffsdale,"140 Keck Ln",3,0,1,0,0,N/A
3122469,"January 23, 2025","North Carolina",Kannapolis,"450 Cabarrus Arms Dr",1,0,0,0,0,N/A
3121579,"January 22, 2025",Ohio,"East Liverpool","15841 St Clair Ave",1,1,1,0,0,N/A
3120797,"January 21, 2025",Ohio,Blacklick,"8000 block of Beardsley Ave",1,0,0,0,0,N/A
3120159,"January 20, 2025",Wisconsin,Geneva,"W3895 Lincoln Dr",1,0,0,0,1,N/A
3121294,"January 20, 2025",Colorado,Loveland,"100 block of E Second St",1,0,0,0,1,N/A
3118521,"January 18, 2025",Louisiana,"New Orleans (River Ridge)","10133 Stephen Dr",2,2,1,0,0,N/A
3120523,"January 18, 2025",Mississippi,"Hattiesburg (Oak Grove)","Cameron Rd",1,0,0,0,0,N/A
3110615,"January 5, 2025",Florida,Lakeland,"200 block of W Crawford St",1,0,0,0,0,N/A
3108363,"January 3, 2025","New York","Rochester (Brighton)","50 Hollyvale Dr",2,0,1,0,0,N/A
3108754,"January 3, 2025","Rhode Island","West Greenwich","15 Cheyenne Trail",3,0,1,0,0,N/A
3108130,"January 2, 2025",Missouri,"Kansas City","1015 NW 91st Ter",2,0,1,0,0,N/A
3106711,"January 1, 2025",Florida,Miami,"NW 21st Terrace and NW 27th Ave",1,0,0,0,0,N/A
3110699,"December 30, 2024",Georgia,"Dekalb County (county)",N/A,1,0,0,0,0,N/A
3104716,"December 29, 2024",Minnesota,"Deer Creek",N/A,1,0,0,0,0,N/A
3100898,"December 24, 2024",Maryland,Rosedale,"6 Breslin Ct",1,2,0,1,1,N/A
3101336,"December 24, 2024","South Carolina",Columbia,"264 Harbison Blvd",1,0,0,0,0,N/A
3100590,"December 22, 2024",Georgia,Columbus,"1300 block of Floyd Rd",1,0,0,0,1,N/A
3095635,"December 15, 2024",Mississippi,Starkville,"1425 Louisville St",1,0,0,0,0,N/A
3096616,"December 15, 2024",Nebraska,Omaha,"3214 Redick Ave",1,0,0,0,0,N/A
3093892,"December 14, 2024","West Virginia",Chapmanville,"Madison St",1,0,0,0,0,N/A
3098097,"December 14, 2024",California,Milpitas,"1355 McCandless Dr",3,0,1,0,0,N/A
3096566,"December 14, 2024",Utah,"Salt Lake City (West Valley City)","3761 S Oxford Way",4,1,1,0,0,N/A
3093965,"December 14, 2024",Colorado,Aurora,"10321 E Evans Ave",2,1,1,0,0,N/A
3093914,"December 14, 2024",Tennessee,Memphis,"3200 block of Whispering Ln",1,0,0,0,0,N/A
3092730,"December 11, 2024",Colorado,Towaoc,N/A,1,0,0,0,1,N/A
3090482,"December 9, 2024",Pennsylvania,"Wilkes Barre","555 Fellows Ave",1,0,0,0,1,N/A
3091189,"December 9, 2024",Ohio,Akron,"1500 block of Evergreen Ave",1,0,0,0,0,N/A
3089589,"December 7, 2024",Georgia,Atlanta,"200 Vineyard Walk",4,0,1,0,0,N/A
3086200,"December 2, 2024",California,"Rancho Cucamonga","8250 Day Creek Blvd",1,0,0,0,0,N/A
3085886,"December 2, 2024",Texas,Victoria,"13000 block of N Navarro St",1,0,0,0,0,N/A
3084735,"November 30, 2024",Louisiana,"New Orleans","2215 Willow St",1,0,0,0,1,N/A
3084996,"November 30, 2024",California,Compton,"15853 S Haskins Ave",1,0,0,0,1,N/A
3083864,"November 29, 2024",Florida,Lutz,"17603 Cranbrook Dr",1,0,1,0,0,N/A
3082597,"November 27, 2024",Louisiana,"Baton Rouge","1022 Swan Ave",1,2,0,0,4,N/A
3081839,"November 26, 2024",Tennessee,Jackson,"Wallace Rd and Fairmeadow Cove",1,4,0,0,3,N/A
3079346,"November 23, 2024",Oklahoma,Afton,"OK-85 and E 340 Rd",2,0,1,0,0,N/A
3078882,"November 22, 2024",Texas,Dallas,"3558 Wilhurt Ave",1,0,0,0,3,N/A
3079376,"November 22, 2024",California,Merced,"Childs Ave and B St",1,0,0,0,0,N/A
3077819,"November 21, 2024",Kentucky,Louisville,"5500 block of Overbrook Woods Pl",1,0,0,0,0,N/A
3076927,"November 20, 2024",Ohio,Amherst,"320 Broadway St",1,0,1,0,0,N/A
3076813,"November 19, 2024",Virginia,"Newport News","4200 block of Newsome Dr",1,0,0,0,0,N/A
3075793,"November 19, 2024",Connecticut,Hartford,"300 block of New Britain Ave",2,1,0,0,1,N/A
3075451,"November 18, 2024","South Carolina",Windsor,"300 block of Wendy Ln",1,0,0,0,0,N/A
3085790,"November 17, 2024",Missouri,Lawson,"213 Montgomery St",1,1,1,0,0,N/A
3074137,"November 16, 2024",Florida,"Homestead (Florida City)","897 W Lucy St",1,0,0,0,1,N/A
3074698,"November 16, 2024","North Carolina",Greenville,"2060 Quail Ridge Dr",1,0,0,0,1,N/A
3071746,"November 13, 2024",Louisiana,Convent,"10120 LA-44",1,0,1,0,0,N/A
3070453,"November 10, 2024","North Carolina","High Point","1800 block of Abberton Way",1,0,0,0,0,N/A
3069491,"November 10, 2024","North Carolina",Maxton,"McCaskill Ave and E Graham St",1,0,0,0,1,N/A
3070305,"November 7, 2024",Michigan,Westland,"Alamo Ct and Grand Traverse St",1,0,0,0,0,N/A
3066909,"November 7, 2024",Missouri,Independence,"16801 E Larkspur Ln",1,0,1,0,0,N/A
3066278,"November 7, 2024",Minnesota,Duluth,"6009 Tacony St",4,0,1,0,0,N/A
3065647,"November 5, 2024",Arizona,Tucson,"Tucson Blvd and Speedway Blvd",1,0,0,1,0,N/A
3063260,"November 3, 2024",Pennsylvania,Philadelphia,"3831 I St",1,0,0,0,0,N/A
3191450,"November 2, 2024",Missouri,Grandview,"Dundee Cir",1,0,0,0,0,N/A
3064027,"November 2, 2024",Pennsylvania,Hartstown,"Atlantic Rd",1,0,0,0,0,N/A
3060937,"October 30, 2024",Florida,Clewiston,"702 S Lopez St",1,0,0,0,0,N/A
3059972,"October 29, 2024",Texas,Paris,"320 Stone Ave",1,0,0,0,0,N/A
3055733,"October 24, 2024",Ohio,Cincinnati,"5200 block of Holland Dr",1,0,0,0,0,N/A
3056930,"October 23, 2024",Montana,"Lame Deer",N/A,1,0,0,0,1,N/A
3052758,"October 21, 2024",Washington,"Fall City","7715 Lake Alice Rd SE",5,1,0,0,1,N/A
3052826,"October 21, 2024",Texas,"San Antonio","7400 Merton Minter",1,0,0,0,0,N/A
3052659,"October 21, 2024",Minnesota,Minneapolis,"2318 Jefferson St NE",1,0,0,0,0,N/A
3054558,"October 20, 2024",Texas,Seguin,"2300 block of Leissner School Rd",1,0,0,0,0,N/A
3050055,"October 17, 2024",California,Lancaster,"44123 Dahlia St",1,0,0,0,0,N/A
3050430,"October 16, 2024",Georgia,Brunswick,"Habersham St",1,0,0,0,0,N/A
3044381,"October 10, 2024",Mississippi,Greenwood,"1008 Charlie Cooley Ave",2,0,0,0,5,N/A
3043840,"October 8, 2024","North Carolina",Greenville,"628 Deborah Ct",1,0,0,0,0,N/A
3042885,"October 7, 2024","South Carolina",Sumter,"2860 Bunneau St",1,0,0,0,0,N/A
3043165,"October 6, 2024",Oklahoma,"Sand Springs","4813 S Grenada Ave",1,0,0,0,1,N/A
3040971,"October 4, 2024",Louisiana,"La Place (Laplace)","1304 N Sugar Ridge Dr",2,1,0,0,2,N/A
3039542,"October 2, 2024",Georgia,Decatur,"1909 Shamrock Dr",1,0,0,0,0,N/A
3037873,"September 30, 2024",Florida,"Fort Lauderdale (Tamarac)","5700 Rock Island Rd",1,0,0,0,0,N/A
3037130,"September 29, 2024",Illinois,Peoria,"601 W Romeo B Garrett Ave",1,0,0,0,1,N/A
3032197,"September 23, 2024",Florida,Pensacola,"2000 block of N B St",1,0,1,0,0,N/A
3030265,"September 20, 2024","South Carolina","Rock Hill","Barrow Ct",1,0,0,0,0,N/A
3029215,"September 19, 2024","North Carolina",Burlington,"1334 Beaumont Ct",1,0,0,0,1,N/A
3027918,"September 18, 2024","South Carolina","Great Falls","Washington St",1,0,0,0,0,N/A
3024664,"September 14, 2024",Tennessee,Nashville,"1200 block of N 2nd St",1,0,0,0,0,N/A
3024142,"September 13, 2024",Oklahoma,Waynoka,"10823 County Rd 350",1,0,1,0,0,N/A
3021976,"September 11, 2024",Iowa,Oskaloosa,"2600 block of 250th St",1,0,0,0,0,N/A
3021623,"September 10, 2024",Ohio,Columbus,"2900 block of E 12th Ave",2,0,1,0,0,N/A
3018781,"September 7, 2024",Texas,Amarillo,"3600 NE 14th Ave",3,0,1,0,0,N/A
3013945,"September 2, 2024",Missouri,"Saint Louis","700 block of Thrush Ave",1,0,0,0,0,N/A
3014735,"September 2, 2024",Utah,"Ogden (West Haven)","1747 S Prevedel Dr",3,0,1,0,0,N/A
3013581,"September 2, 2024",Utah,Lehi,"3569 N Thanksgiving Way",1,0,0,0,0,N/A
3015133,"September 1, 2024",Texas,Bullard,"500 block of Guinn St",2,1,1,0,0,N/A
3011981,"September 1, 2024",Louisiana,Brusly,"Bordeaux St and Orleans Quarters Dr",1,0,0,0,0,N/A
3015009,"August 30, 2024",Georgia,Hiram,"152 Village Dr",1,0,0,0,0,N/A
3009601,"August 29, 2024",Ohio,Columbus,"3300 block of Broadmoor Ave",2,0,1,0,0,N/A
3009198,"August 29, 2024","Rhode Island",Providence,"Florence St and Manton Ave",1,0,0,0,2,N/A
3009132,"August 29, 2024","New Hampshire",Troy,"359 Monadnock St",2,0,1,0,0,N/A
3006552,"August 26, 2024",Indiana,Indianapolis,"7400 block of N Shadeland Ave",2,0,0,0,1,N/A
3003085,"August 22, 2024",Utah,Santaquin,"66 E 780 S",1,0,0,0,0,N/A
3001886,"August 21, 2024",Michigan,"Mount Pleasant","8220 E River Rd",1,0,1,0,0,N/A
2998871,"August 18, 2024",Indiana,Indianapolis,"4500 block of Golden Meadow Dr",1,0,0,0,0,N/A
2998531,"August 18, 2024",Indiana,Indianapolis,"3600 block of N Dearborn St",1,0,0,0,0,N/A
2993126,"August 11, 2024",Georgia,"Stone Mountain","1200 Ashley Creek Cir",1,0,1,0,0,N/A
2992225,"August 11, 2024","North Carolina",Sharpsburg,"141 Weavers Cir",2,2,1,0,0,N/A
2992708,"August 11, 2024",Arkansas,"Little Rock","4023 S Shackelford Rd",2,0,0,0,0,N/A
2991789,"August 10, 2024","North Carolina",Salisbury,"128 Rowan Mill Rd",2,0,0,0,1,N/A
2994327,"August 10, 2024","North Carolina","Carolina Beach","305 S Lake Park Blvd",1,0,0,0,0,N/A
2991130,"August 9, 2024",Arkansas,"North Little Rock","200 block of Water St",1,0,0,0,0,N/A
2991141,"August 8, 2024",Florida,"Saint Petersburg","4204 11th Ave S",1,0,0,0,1,N/A
2989967,"August 7, 2024",Texas,Houston,"6869 Arto St",2,0,0,0,0,N/A
2990974,"August 7, 2024","South Carolina",Eutawville,"269 Fountain Lake Dr",1,0,0,0,0,N/A
2989245,"August 6, 2024","South Carolina",Anderson,"Fox Creek Rd",1,0,0,0,0,N/A
2988475,"August 5, 2024",Maryland,Salisbury,"200 block of Clay St",1,0,0,0,0,N/A
2988144,"August 4, 2024",Louisiana,"Baton Rouge","1700 block of Sora St",1,0,0,0,0,N/A
2984060,"July 30, 2024",Indiana,Indianapolis,"W 46th St",1,0,0,0,0,N/A
2977898,"July 24, 2024",Tennessee,Nashville,"2071 Oakwood Ave",1,0,0,0,0,N/A
2975100,"July 21, 2024",Florida,"Fort Lauderdale","950 SW 27th Ave",1,0,0,0,4,N/A
2974127,"July 21, 2024",Illinois,Chicago,"7600 block of S Halsted St",1,0,0,0,1,N/A
2976949,"July 20, 2024",Alabama,Tyler,"Mandy Rd",1,0,0,0,0,N/A
2972255,"July 18, 2024",Alabama,"West Blocton","1073 Greentree Dr",5,0,0,0,1,N/A
2971582,"July 18, 2024",Louisiana,Lafayette,"100 block of Bryan St",1,0,0,0,0,N/A
2970948,"July 17, 2024",Louisiana,Hammond,"48000 block of Red Fox Dr",1,0,0,0,0,N/A
2969795,"July 16, 2024",Ohio,Cincinnati,"9700 block of Arvin Ave",1,0,0,0,0,N/A
2969612,"July 15, 2024","South Carolina",Simpsonville,"5001 Ballantyne Dr",1,0,0,0,0,N/A
2967526,"July 13, 2024",Alabama,Birmingham,"1700 block of Indian Summer  Dr",3,0,0,0,1,N/A
2965394,"July 10, 2024",California,Alameda,"417 Kitty Hawk Rd",5,0,0,0,1,N/A
2964005,"July 9, 2024",Florida,Miami,"200 NW 17th St",1,0,0,0,3,N/A
2963029,"July 6, 2024",Indiana,Elkhart,"57000 block of Pendleton Dr",1,0,0,0,1,N/A
2958345,"July 4, 2024",Illinois,Chicago,"7100 block of S Woodlawn Ave",3,2,0,0,0,N/A
2959107,"July 4, 2024",Arkansas,"Little Rock","12614 Saint Charles Blvd",1,0,0,0,0,N/A
2960055,"July 4, 2024",Texas,"Fort Worth","7524 W Cleburne Rd",3,2,0,1,1,N/A
2959208,"July 4, 2024",Ohio,Cleveland,"3200 block of W 125th St",1,0,0,0,2,N/A
2959022,"July 4, 2024",Maryland,"Temple Hills (Marlow Heights)","4500 block of Akron St",1,2,0,0,1,N/A
2958925,"July 3, 2024",Georgia,Douglas,"1450 Bowens Mill Rd SE",1,0,0,0,0,N/A
2956175,"July 1, 2024",Maryland,Columbia,"Harpers Farm Rd",1,0,0,0,0,N/A
2955398,"June 28, 2024",Louisiana,Hammond,"29960 W Bates Road",2,0,1,0,0,N/A
2952680,"June 26, 2024",Louisiana,"Jackson (county)",N/A,1,0,0,0,0,N/A
2950600,"June 25, 2024",Arizona,Chandler,"1100 N Priest Dr",1,0,1,0,0,N/A
2946952,"June 21, 2024","New York",Buffalo,"50 block of Domedion Ave",1,1,0,0,2,N/A
2945800,"June 21, 2024",Ohio,Canton,"3950 Convenience Dr",1,0,0,0,1,N/A
2946334,"June 20, 2024","North Carolina",Durham,"1400 E Cornwallis Rd",1,2,0,0,0,N/A
2943058,"June 18, 2024",Illinois,Chicago,"2333 W Jackson Blvd",1,0,0,0,1,N/A
2942710,"June 14, 2024",Mississippi,"Attala county (county)",N/A,1,0,0,0,0,N/A
2938857,"June 13, 2024",Wisconsin,Milwaukee,"9000 block of N Swan Rd",1,0,0,0,1,N/A
2938556,"June 13, 2024",Florida,"Deerfield Beach","4000 block of Eastridge Dr",2,0,0,1,0,N/A
2943126,"June 12, 2024",Florida,Hudson,"Nottingham Trail",4,0,0,0,1,N/A
2937800,"June 11, 2024",Michigan,Flint,"Selby St and E Russell Ave",1,0,0,0,0,N/A
2937696,"June 11, 2024",Colorado,"La Junta","1106 Smithland Ave",3,0,1,0,0,N/A
2934644,"June 7, 2024",Florida,Hollywood,"Florida's Turnpike and Hollywood Blvd",2,0,0,0,3,N/A
2933687,"June 7, 2024","North Carolina",Fayetteville,"852 Danish Dr",1,0,0,0,2,N/A
2933628,"June 7, 2024",Florida,Miami,"4200 SW 152nd Ave",2,0,1,0,0,N/A
2936389,"June 5, 2024",Delaware,Milford,"6000 block of Pebblebrook Dr",2,0,0,1,1,N/A
2932898,"June 5, 2024",Maryland,Cumberland,"Glenn St",1,0,0,0,0,N/A
2936521,"June 5, 2024",Minnesota,Burnsville,"13800 Echo Park Ln",1,0,1,0,0,N/A
2926936,"May 31, 2024",Wisconsin,Milwaukee,"2100 block of W Orchard St",1,0,0,0,1,N/A
2925881,"May 29, 2024",Georgia,Norcross,"5985 Oakbrook Pkwy",1,0,0,0,0,N/A
2923295,"May 28, 2024",Missouri,"De Soto","4800 US Hwy 67",1,0,0,0,1,N/A
2921214,"May 26, 2024",Illinois,Chicago,"200 block of N Campbell Ave",1,1,0,0,0,N/A
2919150,"May 23, 2024",Washington,"Seattle (Skyway)","13445 Martin Luther King Jr Way S",1,0,0,0,1,N/A
2967573,"May 22, 2024",Alabama,Shorter,N/A,1,0,0,0,0,N/A
2916303,"May 19, 2024",Arizona,Surprise,"14643 N 147th Ln",2,0,1,0,0,N/A
2914674,"May 18, 2024",Utah,"Salt Lake City","31 W Van Buren Ave",1,0,1,0,0,N/A
2913790,"May 18, 2024","South Carolina",Walterboro,"105 Hayden St",3,0,0,0,2,N/A
2910645,"May 15, 2024",Michigan,Flint,"700 block of E Philadelphia Blvd",1,0,0,0,0,N/A
2926512,"May 12, 2024",Alaska,Anchorage,"2600 block of Easthaven Cir",2,0,1,0,0,N/A
2905581,"May 9, 2024","South Carolina",Bishopville,"10 Herbert Ln",1,1,0,0,2,N/A
2904508,"May 8, 2024",Texas,"San Antonio","6708 Windsor Hollow Dr",1,4,0,0,2,N/A
2903557,"May 8, 2024",Georgia,Norcross,"4651 Britt Rd",3,0,1,0,0,N/A
2904897,"May 8, 2024",Washington,Seattle,"3000 block of 21st Ave W",1,0,0,0,1,N/A
2900969,"May 5, 2024",Ohio,Euclid,"800 block of E 236th St",1,0,0,0,0,N/A
2899432,"May 3, 2024","District of Columbia",Washington,"Irving St SE and 24th Pl SE",1,0,0,0,0,N/A
2898198,"May 2, 2024",Florida,Hialeah,"7225 W 11th Ct",1,0,1,0,0,N/A
2895456,"April 29, 2024",Georgia,Douglasville,"Ruth Way",1,0,0,0,5,N/A
2894067,"April 29, 2024",Tennessee,Clarksville,"1123 Hazel Dr",1,0,0,0,0,N/A
2893348,"April 28, 2024",Alabama,Huntsville,"196 Jeff Rd NW",1,0,0,0,0,N/A
2892678,"April 27, 2024",Massachusetts,Lowell,"128 Warren St",2,0,1,0,0,N/A
2891674,"April 26, 2024",Florida,"Saint Petersburg","1421 43rd St S",1,0,0,0,1,N/A
2891494,"April 26, 2024",Virginia,Portsmouth,"30 block of Farragut St",1,0,0,0,0,N/A
2885631,"April 19, 2024","North Carolina",Hickory,"1000 block of Finger Bridge Rd",1,0,0,0,0,N/A
2883625,"April 17, 2024","South Carolina",Scranton,"1100 block of Clover Hill Rd",1,0,0,0,0,N/A
2883574,"April 16, 2024",Missouri,"Kansas City","7400 block of E 51st St",1,0,0,0,0,N/A
2879189,"April 13, 2024",Illinois,Chicago,"2021 W 52nd St",1,10,0,0,1,N/A
2877700,"April 12, 2024",Colorado,"Colorado Springs","3108 Lange Ter",1,0,1,0,0,N/A
2876926,"April 10, 2024",Missouri,"Kansas City","Flora Ave and E 33rd St",1,0,0,0,1,N/A
2876553,"April 10, 2024",Ohio,"Valley City","900 block of Marks Rd",1,0,0,0,0,N/A
2874025,"April 8, 2024",Minnesota,"Anoka (Ramsey)","17955 Roanoke St NW",2,0,1,0,0,N/A
2874165,"April 7, 2024",Tennessee,Memphis,"1900 block of Frisco Ave",1,0,0,0,0,N/A
2872920,"April 6, 2024",Pennsylvania,Philadelphia,"500 block of E Chelten Ave",1,0,0,0,0,N/A
2871351,"April 4, 2024",Washington,"Federal Way","178 SW Campus Dr",1,0,0,0,1,N/A
2868216,"April 1, 2024",Michigan,Newaygo,"W 68th St and Bingham Ave",1,0,0,0,0,N/A
2868345,"March 31, 2024",Oregon,Springfield,"70th St and Jessica Dr",1,0,1,0,0,N/A
2864562,"March 28, 2024",Pennsylvania,Allentown,"939 E Hamilton St",1,0,0,0,0,N/A
2865523,"March 28, 2024",Texas,"Knox City","SE 2nd St and S Ave E",1,0,0,0,0,N/A
2911575,"March 23, 2024",California,Clearlake,"14000 block of Uhl Ave",1,0,0,0,1,N/A
2859035,"March 21, 2024","Rhode Island",Warwick,"71 Frawley St",1,0,1,0,0,N/A
2858451,"March 20, 2024",Louisiana,"Baton Rouge","2212 69th Ave",1,0,0,0,0,N/A
2856896,"March 19, 2024",Texas,"San Antonio","7400 TX-151 Access Rd",1,0,1,0,0,N/A
2856490,"March 16, 2024","North Carolina",Chadbourn,"2089 Braswell Rd",1,0,0,0,0,N/A
2855436,"March 16, 2024",Illinois,Macomb,"900 block of N Charles St",1,0,1,0,0,N/A
2851184,"March 11, 2024",Florida,Lakeland,"1850 Cambridge Cove Cir",1,1,1,0,1,N/A
2851490,"March 11, 2024",Texas,Temple,"8402 Poison Oak Rd",1,0,0,0,0,N/A
2848565,"March 8, 2024",Georgia,Athens,"705 Spring Valley Rd",1,1,0,0,3,N/A
2845976,"March 5, 2024",Massachusetts,Worcester,"Lisbon St and Englewood Ave",2,0,0,0,2,N/A
2844790,"March 3, 2024","South Carolina",Beaufort,"325 Ambrose Run",1,0,0,0,1,N/A
2843293,"March 1, 2024",Tennessee,Chattanooga,"100 N Moore Rd",2,0,1,0,0,N/A
2841390,"February 28, 2024",Louisiana,Kenner,"823 27th St",1,0,1,0,0,N/A
2840798,"February 28, 2024",Maryland,"Hyattsville (Landover)","6900 block of Stansbury Ln",1,1,1,0,0,N/A
2840181,"February 27, 2024",Indiana,Indianapolis,"3700 block of N Dearborn St",1,0,0,0,0,N/A
2839800,"February 25, 2024",Tennessee,Clarksville,"Citadel Dr",1,0,0,0,0,N/A
2837301,"February 23, 2024","North Carolina",Lowgap,"Old Lowgap Rd",1,0,0,0,0,N/A
2835777,"February 21, 2024","North Carolina",Charlotte,"2347 Eastway Dr",1,0,0,0,0,N/A
2834029,"February 20, 2024",California,"Santa Clara","3707 Poinciana Dr",1,0,0,0,1,N/A
2833991,"February 20, 2024",Michigan,Detroit,"6000 block of Pennsylvania St",1,0,0,0,3,N/A
2834300,"February 19, 2024",Kansas,Wichita,"2550 S Oliver",1,2,0,0,3,N/A
2832891,"February 18, 2024",Wisconsin,Milwaukee,"7900 N 64th Ct",1,0,0,0,0,N/A
2833505,"February 18, 2024",Wisconsin,Middleton,"6300 block of Maywood Ave",2,1,1,0,0,N/A
2834556,"February 14, 2024",Oklahoma,Chouteau,N/A,1,0,0,0,0,N/A
2826150,"February 11, 2024",Mississippi,"Bogue Chitto",N/A,1,0,0,0,0,N/A
2826052,"February 11, 2024",Louisiana,Shreveport,"541 E Stoner Ave",1,1,0,0,3,N/A
2826874,"February 10, 2024",Georgia,Decatur,"2600 block of Habersham Dr",1,0,0,0,0,N/A
2826694,"February 10, 2024",Texas,Beaumont,"800 Landis Dr",1,0,1,0,0,N/A
2824799,"February 9, 2024",Nevada,Reno,"9755 Silver Sky Pkwy",2,0,0,0,1,N/A
2823884,"February 8, 2024",Maryland,Hyattsville,"1427 Kanawha St",1,1,0,0,6,N/A
2819211,"February 2, 2024","North Carolina",Greenville,"209 Beech St",1,0,0,0,0,N/A
2813408,"January 27, 2024",Indiana,"Fort Wayne","2900 block of Shawnee Dr",1,0,0,0,0,N/A
2811783,"January 26, 2024",Indiana,"Fort Wayne","4700 block of Holton Ave",1,0,0,0,0,N/A
2810088,"January 23, 2024",Illinois,Chicago,"11843 S La Salle St",1,0,0,0,0,N/A
2808694,"January 22, 2024",Kentucky,Covington,"2509 Warren St",1,0,0,0,0,N/A
2808632,"January 20, 2024","South Carolina",Dillon,"Ruby Ct",1,0,0,0,0,N/A
2804538,"January 17, 2024","New Jersey",Union,"1329 Lincrest Ter",3,0,1,0,0,N/A
2801622,"January 14, 2024","North Carolina","Pink Hill","5500 block of Murphy Rd",1,0,0,0,0,N/A
2802994,"January 14, 2024",Missouri,Eldon,"600 block of N Mill St",1,0,0,0,0,N/A
2801998,"January 14, 2024",Louisiana,Gonzales,"42421 E Hwy 30",2,0,0,0,1,N/A
2804368,"January 14, 2024",Tennessee,Dayton,"Upper Fine Ln",1,0,0,0,1,N/A
2800814,"January 13, 2024",Kentucky,Louisville,"800 block of S 37th St",1,0,0,0,0,N/A
2800888,"January 13, 2024",Colorado,Phippsburg,"21000 block of 4th Ave",2,0,1,0,0,N/A
2800844,"January 13, 2024",Texas,Richmond,"17006 Cory Cornel Ln",4,0,1,0,0,N/A
2799872,"January 12, 2024",Tennessee,Memphis,"1300 block of Walnut Hall Ct",1,0,0,0,0,N/A
2804687,"January 11, 2024",Colorado,Parker,"11079 Blackwolf Dr",2,0,1,0,0,N/A
2798783,"January 10, 2024",Texas,Dallas,"2100 block of N Fitzhugh Ave",1,0,0,0,0,N/A
2796864,"January 7, 2024",Alabama,Bessemer,"500 block of 7th Ave N",1,1,0,0,4,N/A
2801114,"January 7, 2024",Maryland,"Upper Marlboro (Largo)","1200 block of Mercantile Ln",1,0,1,0,0,N/A
2797099,"January 7, 2024",Michigan,Detroit,"Beaconsfield St and Courville St",1,0,0,0,0,N/A
2794194,"January 4, 2024",Iowa,Perry,"1200 18th St",2,5,1,0,0,N/A
2793951,"January 2, 2024",Alabama,Gadsden,"230 Glenn Gap Rd",2,0,0,0,1,N/A
2791937,"December 31, 2023",Georgia,"Atlanta (East Point)","1022 Calhoun Ave",1,0,0,0,0,N/A
2791280,"December 31, 2023",Tennessee,Memphis,"5800 block of Edgewater Cove",1,0,0,0,0,N/A
2791440,"December 30, 2023",California,Sacramento,"4700 block of Greenholme Dr",1,0,0,0,0,N/A
2790471,"December 29, 2023",Pennsylvania,Allentown,"100 block of Chestnut St",2,1,0,0,1,N/A
2789933,"December 29, 2023","New York","New City","10 Clydesdale Ct",3,0,1,0,0,N/A
2789408,"December 28, 2023",California,"Long Beach","3429 Adriatic Ave",1,0,1,0,0,N/A
2786775,"December 24, 2023",Mississippi,"Friars Point",N/A,1,0,0,0,0,N/A
2783884,"December 21, 2023",Alabama,Birmingham,"7500 block of 2nd Ave N",1,0,0,0,0,N/A
2784667,"December 21, 2023","South Carolina",Belton,"Cherokee Rd",1,0,1,0,0,N/A
2782848,"December 19, 2023","North Carolina",Fayetteville,"2200 block of Nicky Ave",1,1,0,0,0,N/A
2824895,"December 19, 2023",Colorado,"Colorado Springs","5300 block of Palomino Ranch Point",2,0,0,0,1,N/A
2780874,"December 17, 2023",Maryland,Baltimore,"6001 Park Heights Ave",1,0,0,0,1,N/A
2780296,"December 16, 2023",Tennessee,Memphis,"2400 block of Wellons Ave",1,0,0,0,0,N/A
2780137,"December 15, 2023",California,Lancaster,"44600 block of Sierra Hwy",1,0,0,0,1,N/A
2777945,"December 13, 2023",Wisconsin,Milwaukee,"3900 block of W Hampton Ave",1,0,0,0,1,N/A
2778224,"December 12, 2023",Indiana,Madison,"1623 E Telegraph Hill Rd",3,0,1,0,0,N/A
2777246,"December 12, 2023",Virginia,Hampton,"507 Marcella Rd",1,0,0,0,0,N/A
2775971,"December 11, 2023",Nevada,"Las Vegas","7545 Oso Blanca Rd",3,1,1,0,0,N/A
2775424,"December 10, 2023",Maryland,"Upper Marlboro","1221 Mercantile Ln",1,0,1,0,0,N/A
2775670,"December 10, 2023",Tennessee,Memphis,"4117 Bona Terra St",1,0,0,0,0,N/A
2775064,"December 9, 2023",Virginia,Richmond,"2800 block of Fairfield Ave",1,0,0,0,1,N/A
2774802,"December 9, 2023",Michigan,Detroit,"16500 block of Greenfield Rd",1,0,0,0,0,N/A
2772393,"December 6, 2023","West Virginia",Bluefield,"261 New Hope-Ceres Rd",1,2,1,0,0,N/A
2771545,"December 5, 2023",Alabama,Mobile,"1152 Rhett Dr",1,0,0,0,1,N/A
2771530,"December 4, 2023",Indiana,Merrillville,"3114 W 79th Pl",1,0,0,0,0,N/A
2769819,"December 3, 2023",Texas,Dallas,"9700 block of Royce Dr",4,1,1,0,0,N/A
2770496,"December 2, 2023",Mississippi,Ovett,"Alex Knight Rd",1,0,0,0,0,N/A
2765581,"November 26, 2023",Washington,"Medical Lake","1000 block of S Prentis St",1,0,0,1,1,N/A
2763790,"November 25, 2023",Florida,"Fort Lauderdale (Tamarac)","3873 W Commercial Blvd",1,0,0,0,0,N/A
2763882,"November 24, 2023","South Carolina",Cameron,"1121 Whisperwood Rd",1,0,0,0,0,N/A
2763335,"November 23, 2023",Nebraska,Omaha,"1112 N 31st Ave",1,0,0,0,1,N/A
2761511,"November 20, 2023",Alaska,Wasilla,N/A,2,0,1,0,0,N/A
2760556,"November 19, 2023",Ohio,Lorain,"129 E 9th St",3,0,1,0,0,N/A
2758410,"November 17, 2023",Indiana,Gary,"2100 block of Georgia St",1,0,0,0,0,N/A
2758027,"November 16, 2023",Washington,Spokane,"2609 W Woodside Ave",2,0,1,0,0,N/A
2755848,"November 14, 2023",Florida,"Fort Lauderdale (Lauderhill)","5436 NW 19th St",1,0,0,0,0,N/A
2754997,"November 12, 2023",Georgia,Augusta,"1931 Murphy Rd",1,0,0,0,0,N/A
2753565,"November 12, 2023",Texas,Pearland,"1014 N Main St",1,4,0,0,1,N/A
2752761,"November 10, 2023",Texas,Pearland,"12300 block of Shadow Creek Pkwy",1,0,0,0,0,N/A
2750673,"November 8, 2023",Kentucky,Shepherdsville,"213 Bentwood Dr",2,0,0,0,1,N/A
2749396,"November 6, 2023",Arkansas,Texarkana,"2501 Glendale Ave",2,0,1,0,0,N/A
2748969,"November 5, 2023",Pennsylvania,York,"50 block of W Market St",1,0,0,0,0,N/A
2748872,"November 5, 2023",Florida,Miami,"8100 block of NW 21st Ave",1,0,0,0,1,N/A
2746785,"November 3, 2023",Ohio,Cincinnati,"Jones St and Wade St",1,5,0,0,0,N/A
2749713,"November 3, 2023",California,Cedarville,"418 Washington St",1,0,0,0,0,N/A
2747100,"October 31, 2023","South Carolina",Ridgeland,"75 Shadetree St",1,0,0,0,0,N/A
2744317,"October 28, 2023",Louisiana,Carencro,"237 Prejean Rd",1,0,0,0,0,N/A
2740298,"October 26, 2023",Louisiana,"Baton Rouge","4841 Kennesaw Dr",1,0,0,0,0,N/A
2737345,"October 24, 2023",Michigan,Lansing,"3000 Dunckel Rd",1,0,0,0,0,N/A
2737542,"October 23, 2023",Louisiana,"New Orleans","3100 Rue Parc Fontaine",1,0,0,0,0,N/A
2737306,"October 23, 2023",Oklahoma,Roland,"Loop W and Saskatchewan St",1,1,0,0,1,N/A
2735595,"October 22, 2023",Ohio,Youngstown,"300 block of Marmion Ave",1,0,0,0,0,N/A
2735009,"October 21, 2023","North Carolina",Stanley,"220 Brentwood Ln",1,0,1,0,0,N/A
2734988,"October 20, 2023",Pennsylvania,Holtwood,"917 River Rd",1,0,0,0,0,N/A
2732274,"October 16, 2023",California,Bakersfield,"1700 block of S M St",2,0,1,0,0,N/A
2732184,"October 16, 2023",Georgia,Atlanta,"3120 Briarcliff Rd",2,0,1,0,0,N/A
2731816,"October 15, 2023",Minnesota,Welcome,"1300 block of 130th Ave",1,0,0,0,0,N/A
2730351,"October 14, 2023",Kansas,Topeka,"435 NE Grattan St",1,0,0,0,0,N/A
2727643,"October 9, 2023",Mississippi,Forest,"Wash Dr",2,0,0,0,1,N/A
2726845,"October 6, 2023",Kansas,Louisburg,"907 Rockville Ter",1,0,1,0,0,N/A
2725658,"October 6, 2023",Louisiana,Jonesboro,"635 Old Winnfield Rd",1,0,0,0,1,N/A
2721021,"October 1, 2023","South Carolina",Beaufort,"325 Ambrose Run",1,2,0,1,1,N/A
2721832,"October 1, 2023",Georgia,Columbus,"Toney Dr and Bowie Dr",1,0,0,0,0,N/A
3418536,"September 30, 2023",Kentucky,Paintsville,N/A,1,0,0,0,0,N/A
2718237,"September 28, 2023",Ohio,Cleveland,"3500 block of W 66th St",1,1,0,0,4,N/A
2718792,"September 28, 2023",Washington,"Deer Park","1400 block of Eloika Lake Rd E",1,0,0,0,0,N/A
2716746,"September 27, 2023",Florida,Jacksonville,"104 King St",1,2,0,0,0,N/A
2717505,"September 27, 2023","South Carolina",Lugoff,"7 Sherwood Ct",1,0,0,0,0,N/A
2716018,"September 25, 2023",Florida,"Miami (North Miami)","14050 NW 5th Pl",1,0,0,0,0,N/A
2716889,"September 25, 2023",Texas,Granbury,"2900 block of Inwood Trl",1,0,0,0,0,N/A
2716232,"September 24, 2023",Missouri,Columbia,"Leeway Dr and Blue Ridge Rd",1,0,0,0,1,N/A
2714935,"September 24, 2023",Texas,Dallas,"4700 block of Hay St",1,1,0,0,0,N/A
2714319,"September 23, 2023",Florida,Jacksonville,"8846 A C Skinner Pkwy",3,1,0,0,0,N/A
2713442,"September 22, 2023",California,Vallejo,"400 block of Alhambra Ave",1,0,0,0,0,N/A
2709752,"September 18, 2023",Georgia,Columbus,"3390 N Lumpkin Rd",1,1,0,0,1,N/A
2709153,"September 17, 2023",Illinois,Romeoville,"512 Concord Ave",5,0,1,0,0,N/A
2708236,"September 15, 2023",Illinois,"South Beloit","200 block of Townline Ave",1,0,0,0,1,N/A
2704428,"September 9, 2023","West Virginia","Gallipolis Ferry","Salt Creek Rd",1,0,0,0,0,N/A
2701415,"September 7, 2023",Kentucky,Corbin,"75 Martins Dr",1,0,0,0,0,N/A
2701936,"September 6, 2023",Arizona,"Sierra Vista","400 block of Lenzner Ave",1,0,1,0,0,N/A
2701026,"September 6, 2023","New Mexico",Albuquerque,"Avenida Cesar Chavez SE and University Blvd SE",1,1,0,0,4,N/A
2701439,"September 6, 2023",Florida,Tallahassee,"3148 Dick Wilson Blvd",1,0,0,0,0,N/A
2700774,"September 5, 2023",Georgia,Marietta,"1631 White Cir NW",1,0,0,0,1,N/A
2699184,"September 4, 2023",Alabama,Marion,"Magnolia St",0,1,1,0,0,N/A
2699690,"September 4, 2023",Georgia,Lithonia,"1801 Rock Chapel Rd",1,0,0,0,0,N/A
2698647,"September 3, 2023",Florida,"Palm Coast","2 Ranwood Ln",1,0,0,0,1,N/A
2696508,"August 31, 2023","North Carolina",Statesville,"100 block of Fort Dobbs Rd",1,0,0,0,0,N/A
2694938,"August 30, 2023",Indiana,Gary,"2400 block of Fillmore St",1,0,0,0,0,N/A
2695116,"August 30, 2023",Georgia,Atlanta,"2909 Campbellton Rd SW",1,2,0,0,2,N/A
2694681,"August 29, 2023",Florida,Orlando,"1141 Poppy Ave",2,1,0,0,5,N/A
2693825,"August 28, 2023",Texas,Allen,"1211 Aberdeen Dr",3,0,1,0,0,N/A
2693375,"August 27, 2023",Tennessee,Rockwood,"100 block of Airport Rd",1,0,0,0,1,N/A
2692267,"August 27, 2023",Florida,"Lake Wales",N/A,2,0,1,0,0,N/A
2691312,"August 26, 2023",Ohio,Akron,"1000 block of Edmeyer Ct",1,0,0,0,0,N/A
2690239,"August 24, 2023",Ohio,Hartville,"13305 Carnation Ave NW",4,0,1,0,0,N/A
2687183,"August 21, 2023",Texas,Lubbock,"2706 46th St",2,0,1,0,0,N/A
2687465,"August 20, 2023","New Mexico",Roswell,"3000 block of W 8th St",1,0,0,0,0,N/A
2686010,"August 20, 2023",Indiana,Indianapolis,"3710 E Market St",1,0,0,0,0,N/A
2685853,"August 19, 2023",Michigan,Detroit,"15700 block of Ward Ave",1,0,0,0,0,N/A
2685356,"August 18, 2023",Maryland,Towson,"1012 Kenilworth Dr",2,0,1,0,0,N/A
2683213,"August 16, 2023",Oklahoma,"Oklahoma City","7405 NW 5th Terrace",4,0,1,0,0,N/A
2681798,"August 15, 2023",Illinois,Chicago,"3100 block of W Flournoy St",1,0,0,0,0,N/A
2680990,"August 14, 2023",Massachusetts,Springfield,"174 Berkshire Ave",2,1,1,0,0,N/A
2681264,"August 14, 2023",Florida,Jacksonville,"5500 block of S Shady Pine St",1,0,0,0,0,N/A
2679857,"August 13, 2023","New Mexico",Albuquerque,"2717 Paseo del Canto Dr SW",1,0,0,0,5,N/A
2676611,"August 9, 2023",California,Danville,"181 Larkwood Cir",2,0,1,0,0,N/A
2677432,"August 9, 2023",Kentucky,"Laurel (county)",N/A,1,0,0,0,0,N/A
2676391,"August 9, 2023",Virginia,Franklin,"300 block of Artis St",1,1,0,0,1,N/A
2675406,"August 8, 2023",Indiana,"South Bend","800 block of Amhurst Ave",1,0,0,0,0,N/A
2677229,"August 8, 2023",Minnesota,Hinckley,"500 block of 1st St SW",1,0,0,0,0,N/A
2692299,"August 8, 2023",Mississippi,Belzoni,N/A,1,0,0,0,1,N/A
2674125,"August 7, 2023",Missouri,"Saint Louis (Berkeley)","6698 Amora Ave",1,0,0,0,0,N/A
2675455,"August 7, 2023",Illinois,Belleville,"50 block of S 88th St",1,0,0,0,0,N/A
2673013,"August 5, 2023",Illinois,Chicago,"3500 block of N Long Ave",1,0,0,1,1,N/A
2672898,"August 5, 2023","New York","Granite Springs","54 Granite Springs Rd",1,0,1,0,0,N/A
2672510,"August 5, 2023",Louisiana,Lafayette,"106 S General Marshall St",1,4,0,1,1,N/A
2672239,"August 4, 2023",Alabama,Moulton,"200 block of Main St",1,0,0,0,1,N/A
2668991,"July 31, 2023",Arkansas,Lutherville,N/A,1,1,0,0,0,N/A
2667806,"July 30, 2023",Alaska,"Mountain Village",N/A,1,0,0,0,0,N/A
2667403,"July 30, 2023",Alabama,Prattville,N/A,1,0,0,0,0,N/A
2667635,"July 30, 2023",Tennessee,Nashville,"3400 block of Meadowlake Terrace",1,0,0,0,0,N/A
2666428,"July 27, 2023",Indiana,Lafayette,"107 Kinkaid Dr",1,0,1,0,0,N/A
2664700,"July 27, 2023",Pennsylvania,Philadelphia,"1626 N 29th St",1,0,0,0,0,N/A
2664480,"July 26, 2023",Alabama,Wetumpka,N/A,1,0,0,0,0,N/A
2679146,"July 26, 2023",Illinois,"Rock Island","1700 block of 20 1/2 Ave",1,0,0,0,0,N/A
2663767,"July 25, 2023","North Carolina",Fayetteville,"3300 block of Mercedes Dr",1,0,0,0,1,N/A
2662538,"July 24, 2023",Wisconsin,Milwaukee,"6412 N 76th St",1,0,0,0,1,N/A
2661975,"July 24, 2023","West Virginia",Clarksburg,"724 Wilsonburg Rd",1,0,1,0,0,N/A
2658882,"July 20, 2023",Pennsylvania,"Morrisville (Yardley)","532 Heritage Oak Dr",1,0,1,0,0,N/A
2659174,"July 20, 2023",Louisiana,"New Orleans","7001 Martin Dr",1,0,0,0,0,N/A
2659085,"July 20, 2023",Oklahoma,"Claremore (Verdigris)","10785 E Dogwood Ct",3,0,1,0,0,N/A
2656519,"July 17, 2023",California,Fallbrook,"1105 S Stagecoach Ln",1,0,0,0,0,N/A
2653706,"July 14, 2023",Kansas,Topeka,"1037 SW Garfield Ave",1,0,0,0,1,N/A
2651418,"July 12, 2023",California,Modesto,"3733 Havenhurst Ct",1,0,1,0,0,N/A
2650087,"July 10, 2023",Ohio,Cincinnati,"6000 block of Plainfield Rd",1,1,0,0,3,N/A
2648657,"July 9, 2023",Nevada,"Las Vegas","5370 E Craig Rd",1,0,0,0,0,N/A
2648280,"July 8, 2023",Illinois,"Franklin Park","2800 block of Elder Ln",1,0,0,0,1,N/A
2646965,"July 7, 2023",Texas,Houston,"2205 Hayes Rd",1,0,0,0,0,N/A
2649946,"July 6, 2023",Georgia,Atlanta,N/A,1,0,0,0,1,N/A
2644622,"July 5, 2023",Indiana,"Indianapolis (Cumberland)","600 block of Woodlark Dr",1,0,0,0,0,N/A
2644003,"July 5, 2023","North Carolina",Durham,"400 block of N Guthrie Ave",1,1,0,0,1,N/A
2644008,"July 4, 2023","North Carolina","New Bern","1000 block of Lagrange St",1,1,0,0,2,N/A
2643666,"July 4, 2023",Florida,Tampa,"Courtney Campbell Causeway",1,1,0,0,0,N/A
2642829,"July 3, 2023",Illinois,Belleville,"1800 block of Roosevelt Ave",1,0,0,0,2,N/A
2642785,"July 3, 2023",Missouri,"Saint Ann","4116 Jane Ave",3,1,1,0,0,N/A
2641997,"July 2, 2023",Texas,Dallas,"8000 block of Rothington Rd",1,0,0,0,0,N/A
2639419,"June 30, 2023",Alabama,Birmingham,"2615 Tempest Dr SW",1,0,0,0,0,N/A
2638533,"June 29, 2023","South Carolina",Summerville,"Barberry St",1,0,0,0,0,N/A
2639308,"June 29, 2023",Texas,Houston,"3500 block of Ozark St",1,0,0,0,0,N/A
2652800,"June 27, 2023",Ohio,Tiffin,"Sandusky St",1,0,0,0,1,N/A
2635956,"June 26, 2023","South Carolina",Columbia,"1200 block of Rabon Pond Dr",1,0,0,0,0,N/A
2636541,"June 26, 2023",Oklahoma,Muskogee,"2827 Suroya St",2,0,1,0,0,N/A
2631366,"June 20, 2023",Tennessee,Memphis,"3357 W Winchester Pl",1,0,0,0,1,N/A
2630184,"June 19, 2023",Kentucky,Mckee,"Coal Rd",1,0,0,0,0,N/A
2629127,"June 18, 2023",Ohio,Dayton,"1800 block of Fieldstone Dr",1,0,1,0,0,N/A
2628697,"June 18, 2023",Michigan,Muskegon,"2518 Odawa Trl",1,2,1,0,0,N/A
2627649,"June 17, 2023",Virginia,Petersburg,"200 block of Juniper Rd",1,0,0,0,0,N/A
2627910,"June 16, 2023",Alabama,Evergreen,"Boone Ct",2,0,0,0,1,N/A
2627186,"June 16, 2023",Iowa,Lohrville,"500 Maple St",1,0,0,0,0,N/A
2625892,"June 15, 2023",Ohio,"New Richmond","1965 Laurel Lindale Rd",3,1,0,0,1,N/A
2626402,"June 15, 2023",Tennessee,Sequatchie,"246 Pine St",5,1,1,0,0,N/A
2626288,"June 14, 2023","New Jersey",Trenton,"1300 block of Princeton Ave",1,0,0,0,0,N/A
2622674,"June 11, 2023",Michigan,Howell,"1902 Oak Squire Ln",1,0,0,0,0,N/A
2618310,"June 3, 2023",Georgia,"Atlanta (East Point)","E Washington Ave",1,0,0,0,0,N/A
2615598,"June 3, 2023",Tennessee,Collierville,"712 W Poplar Ave",1,0,0,0,0,N/A
2615832,"June 3, 2023",Wisconsin,Milwaukee,"1960 W Atkinson Ave",1,0,0,0,1,N/A
2615573,"June 3, 2023","New Hampshire",Franklin,"124 Elkins St",2,1,1,0,0,N/A
2613908,"June 1, 2023",Missouri,"Saint Louis","3100 block of Brantner Pl",1,0,0,0,0,N/A
2613423,"May 31, 2023",Illinois,"River Grove","2400 block of West St",1,0,0,0,0,N/A
2613339,"May 30, 2023",Tennessee,Nashville,"Dickerson Pike and Douglas Ave",1,2,0,0,4,N/A
2612967,"May 30, 2023",Pennsylvania,Lebanon,"400 block of N 5th St",3,1,0,0,3,N/A
2611541,"May 29, 2023",Georgia,Grovetown,"4105 Sterlington Dr",1,0,0,0,0,N/A
2669900,"May 29, 2023",Arkansas,"Hot Springs National Park (Hot Springs)","200 Springwood Rd",1,0,0,0,1,N/A
2611443,"May 28, 2023",Florida,"Saint Petersburg","4644 15th Ave S",1,0,0,0,1,N/A
2609673,"May 27, 2023",Florida,"Pompano Beach","4020 NE 5th Ave",1,0,0,0,0,N/A
2609099,"May 26, 2023","South Carolina",Dillon,"Mt Calvary Road",1,0,0,0,0,N/A
2608769,"May 25, 2023",Illinois,Matteson,"800 block of Campus Ave",1,1,0,0,1,N/A
2606205,"May 23, 2023",Texas,Texarkana,"563 Lemon Acre",4,0,0,0,1,N/A
2603082,"May 19, 2023",Michigan,"Grand Rapids (Kentwood)","2700 Mariner Dr SE",1,0,0,0,0,N/A
2602098,"May 16, 2023",Idaho,Wallace,"152 King St",1,0,1,0,0,N/A
2598115,"May 14, 2023",Tennessee,Memphis,"52 E Biscayne Rd",1,0,0,0,0,N/A
2598474,"May 14, 2023","District of Columbia",Washington,"3700 block of Hayes St NE",1,0,0,0,3,N/A
2596883,"May 12, 2023",Indiana,Indianapolis,"1355 N Kealing Ave",1,0,0,0,0,N/A
2591763,"May 8, 2023",Texas,"San Antonio","100 block of Future Dr",1,0,0,0,3,N/A
2590046,"May 6, 2023",Texas,Allen,"820 W Stacy Rd",8,7,1,0,0,N/A
2589202,"May 4, 2023",Florida,"Fort Lauderdale (Dania Beach)","800 Stirling Rd",1,1,1,0,0,N/A
2588200,"May 3, 2023","New Jersey",Newark,"363 Johnson Ave",2,1,1,0,0,N/A
2588527,"May 3, 2023",Kansas,"Kansas City","3100 block of Greeley Ave",1,0,0,0,2,N/A
2587288,"May 2, 2023",Florida,"Lake Wales","614 Dawnlight Dr",4,0,1,0,0,N/A
2586912,"May 1, 2023",Virginia,Lynchburg,"1500 block of Floyd St",1,0,0,0,0,N/A
2585330,"April 30, 2023",Louisiana,"Westwego (Avondale)","100 block of Helen Dr",1,0,0,0,0,N/A
2584064,"April 28, 2023",Texas,Cleveland,"171 Walter Dr",5,0,0,0,1,N/A
2587345,"April 27, 2023",Florida,Ocala,N/A,1,0,0,0,0,N/A
2582578,"April 27, 2023",Texas,"San Antonio","9900 block of Kents Store",1,0,0,0,0,N/A
2582593,"April 26, 2023",Georgia,Lagrange,"1200 Whitesville Rd",1,0,0,0,0,N/A
2583511,"April 26, 2023",California,Salinas,N/A,1,0,0,0,0,N/A
2580882,"April 24, 2023","North Carolina",Lumberton,"NC-211 and Singletary Church Rd",1,0,0,0,0,N/A
2578641,"April 22, 2023",Illinois,Chicago,"8812 S Euclid",1,0,0,0,0,N/A
2579517,"April 22, 2023",Texas,"Wichita Falls","2800 block of Featherston Ave",1,0,0,0,1,N/A
2578304,"April 21, 2023",Washington,"Seattle (Tukwila)","12059 46th Ave S",1,0,0,0,0,N/A
2577910,"April 20, 2023",Indiana,"South Bend","600 block of Johnson St",1,0,0,0,1,N/A
2578015,"April 20, 2023",Louisiana,"Ville Platte","933 N Reed St",1,0,0,0,0,N/A
2575910,"April 17, 2023",Arkansas,"Hot Springs National Park (Hot Springs)","127 Carson St",1,1,0,0,1,N/A
2573624,"April 16, 2023",Indiana,Indianapolis,"10223 John Jay Dr",1,0,0,0,0,N/A
2571903,"April 14, 2023","North Carolina",Charlotte,"2500 block of O'Hara Dr",1,0,0,0,1,N/A
2571478,"April 12, 2023",Texas,"San Antonio","2167 NE I-410 Loop",1,0,0,1,2,N/A
2569743,"April 11, 2023","North Carolina","Winston Salem (Winston-salem)","3140 Brookhill Dr",3,0,1,0,0,N/A
2567519,"April 9, 2023",Florida,Orlando,"614 Grand St",3,0,1,0,0,N/A
2567849,"April 8, 2023","North Carolina",Fairmont,"Powell St",1,0,0,0,0,N/A
2567607,"April 8, 2023",California,Milpitas,"I-880 and Dixon Landing Rd",1,0,0,0,3,N/A
2566661,"April 7, 2023",Michigan,Muskegon,"Madison St and E Isabella Ave",1,0,0,0,1,N/A
2566582,"April 6, 2023",Virginia,"Newport News","1200 block of 26th St",1,0,0,0,0,N/A
2566147,"April 6, 2023",Illinois,"Calumet City","200 block of Paxton Ave",1,0,0,0,0,N/A
2565269,"April 5, 2023",Missouri,"Kansas City","4500 block of Agnes Ave",1,0,0,0,0,N/A
2564007,"April 4, 2023",Texas,Arlington,"5300 block of Pocassett Dr",1,0,0,0,0,N/A
2563734,"April 3, 2023",Virginia,Portsmouth,"2500 block of Ash St",1,0,0,0,0,N/A
2560748,"March 30, 2023",Ohio,Hamilton,"900 block of Park Ave",1,0,0,0,0,N/A
2558092,"March 28, 2023",Alaska,Anchorage,"3074 Mountain View Dr",1,0,1,0,0,N/A
2557515,"March 28, 2023",Indiana,Lafayette,"2905 Westchester Ln W",1,0,0,0,0,N/A
2555459,"March 27, 2023",Tennessee,Nashville,"33 Burton Hills Blvd",6,0,1,0,0,N/A
2555529,"March 25, 2023",Alabama,Selma,"11 Dallas Ave",1,1,0,0,0,N/A
2551678,"March 21, 2023","South Carolina",Sumter,"190 Whitetail Cir",4,0,1,0,0,N/A
2551737,"March 21, 2023",Arizona,Phoenix,"8640 S 16th Pl",2,0,1,0,0,N/A
2550174,"March 20, 2023",Texas,"San Antonio","13121 NW Military Hwy",2,0,1,0,0,N/A
2549098,"March 17, 2023",Arizona,Tempe,"48th St and Broadway Rd",1,2,0,0,4,N/A
2548525,"March 16, 2023",Louisiana,"Baton Rouge","5600 block of Crestway Ave",1,0,0,1,1,N/A
2986063,"March 15, 2023",Alabama,"Phil Campbell",N/A,1,0,0,0,0,N/A
2545716,"March 14, 2023",Georgia,Griffin,"615 Northside Dr",1,0,0,0,1,N/A
2544687,"March 12, 2023",Texas,Houston,"9955 Bammel North Houston Rd",1,0,0,0,0,N/A
2735757,"March 12, 2023",Washington,Washougal,"SE Wooding Rd",2,0,0,0,1,N/A
2543932,"March 11, 2023",Ohio,Cleveland,"3191 W 30th St",1,0,0,0,2,N/A
2543759,"March 11, 2023",Texas,Dallas,"6400 block of Royal Ln",1,1,0,0,1,N/A
2543396,"March 9, 2023",Florida,Kissimmee,"2117 The Oaks Blvd",1,0,0,0,1,N/A
2541619,"March 7, 2023",Nevada,"Las Vegas","5390 Boulder Hwy",1,1,0,0,1,N/A
2540236,"March 6, 2023",Georgia,Milledgeville,"200 block of Harrisburg Rd",1,0,0,0,4,N/A
2539582,"March 5, 2023",Illinois,Bolingbrook,"123 Lee Lane",3,1,0,0,1,N/A
2539682,"March 4, 2023",Alabama,Russellville,"Gravel Hill Rd",1,0,0,0,0,N/A
2538105,"March 2, 2023",Georgia,Macon,N/A,1,0,0,0,0,N/A
2537328,"March 1, 2023",Florida,Miami,"2669 S Bayshore Dr",1,0,1,0,0,N/A
2727836,"February 26, 2023",Arizona,Lukachukai,N/A,2,0,0,0,1,N/A
2534832,"February 26, 2023",Tennessee,Antioch,"Bell Rd",1,0,0,0,0,N/A
2531512,"February 22, 2023",Florida,Orlando,"6100 block of Hialeah St",3,2,0,0,1,N/A
2532028,"February 22, 2023",Louisiana,Raceland,"2000 block of LA-182",1,0,0,0,0,N/A
2530914,"February 21, 2023",Wisconsin,Milwaukee,"900 block of S 29th St",1,0,0,0,0,N/A
2531870,"February 21, 2023",Pennsylvania,Allentown,"600 block of N Front St",1,0,0,0,0,N/A
2530778,"February 20, 2023",Mississippi,"Calhoun City","County Road 361",1,0,0,0,0,N/A
2529381,"February 19, 2023",Illinois,Chicago,"I-57 and W 111th St",3,3,0,0,1,N/A
2526119,"February 15, 2023",Pennsylvania,"Pittsburgh (Swissvale)","7800 block of Sailor Pl",2,0,0,0,1,N/A
2526586,"February 15, 2023",Florida,Deland,"2440 Nectarine Rd",1,0,0,0,0,N/A
2525563,"February 14, 2023",Tennessee,Sweetwater,"600 block of Hawkins Rd",1,2,1,1,4,N/A
2526757,"February 14, 2023",Connecticut,Brooklyn,"3 Quebec Sq",2,0,1,0,0,N/A
2520474,"February 7, 2023","North Carolina",Fayetteville,"1100 block of Bunce Road",3,0,0,0,0,N/A
2521751,"February 7, 2023",Indiana,Portage,"100 block of Coral Ave",1,0,0,0,0,N/A
2519152,"February 5, 2023",California,Olivehurst,"5700 block of Alicia Ave",1,0,0,1,1,N/A
2517432,"February 3, 2023",Texas,Wharton,N/A,1,0,0,0,0,N/A
2517337,"February 2, 2023",Georgia,Clarkston,"6601 Old Singleton Ln",2,0,0,0,1,N/A
2516747,"February 1, 2023",Tennessee,Memphis,"4670 Chancellor Cove",1,0,0,0,1,N/A
2605383,"January 29, 2023",Tennessee,Luttrell,"380 Clinch Valley Rd",4,0,1,0,0,N/A
2506527,"January 19, 2023",Louisiana,Jennings,"Gallup St",1,0,0,0,0,N/A
2506021,"January 19, 2023",Tennessee,Murfreesboro,"2435 Cason Ln",2,0,1,0,0,N/A
2505413,"January 18, 2023",Indiana,"Fort Wayne","1130 Skyline Pass",1,0,1,0,0,N/A
2504650,"January 16, 2023",Alabama,Camden,"Co Rd 65",1,0,0,0,1,N/A
2503792,"January 16, 2023","New York",Syracuse,"Oakwood Ave and Martin Luther King E",1,1,0,0,3,N/A
2503345,"January 16, 2023",California,Goshen,"Harvest Ave and Rd 68",6,0,0,0,2,N/A
2503142,"January 15, 2023",Texas,Dallas,"3303 Southern Oaks Blvd",1,0,0,0,1,N/A
2499182,"January 9, 2023",Mississippi,Jonestown,"325 Coldwater River Rd",2,0,0,0,1,N/A
2497502,"January 7, 2023","North Carolina","High Point","2734 Mossy Meadow Dr",4,0,1,0,0,N/A
2497720,"January 7, 2023",Michigan,Fennville,"1101 54th St",3,0,1,0,0,N/A
2495648,"January 4, 2023",Utah,"Cedar City (Enoch)","4923 N Albert Dr",7,0,1,0,0,N/A
2496330,"January 4, 2023",Colorado,Florissant,"125 Costello Ave",1,0,1,0,0,N/A
2495059,"January 4, 2023",Virginia,Dumfries,"17900 block of Milroy Dr",1,4,0,0,1,N/A
2494486,"January 2, 2023",Texas,Spring,"1803 Vernal Glen Circle",1,0,1,0,0,N/A
2492895,"January 1, 2023",Illinois,Chicago,"9400 block of S Wallace St",1,0,0,0,0,N/A
2493027,"January 1, 2023",Texas,"Corpus Christi","6602 Everhart Rd",1,0,0,0,2,N/A
2492705,"January 1, 2023","North Carolina",Charlotte,"900 block of Moretz Ave",1,0,0,0,0,N/A
2492990,"December 31, 2022",Louisiana,Shreveport,"Morningside Dr and Fairy Ave",1,1,0,0,0,N/A
2491046,"December 30, 2022",Florida,"Ponte Vedra","101 Bucktail Ave",1,0,1,0,0,N/A
2491132,"December 30, 2022",Virginia,Hopewell,"2300 block of Freeman St",1,0,0,0,2,N/A
2491434,"December 30, 2022",Maryland,Baltimore,"2100 block of Presbury St",1,0,0,0,1,N/A
2490677,"December 29, 2022",Tennessee,Cleveland,"Michigan Ave",1,0,0,0,0,N/A
2489451,"December 27, 2022",Pennsylvania,Allentown,"600 block of N Front St",1,0,0,0,0,N/A
2488004,"December 24, 2022",Missouri,"Kansas City","7800 block of James A Reed Rd",1,0,0,0,0,N/A
2484522,"December 19, 2022","South Carolina",Hopkins,"1000 block of Weston Rd",1,0,0,0,0,N/A
2482946,"December 13, 2022","North Carolina",Gastonia,"107 Cindy Ln",1,0,0,0,0,N/A
2476631,"December 7, 2022",Washington,Vancouver,"15201 NW 4th Pl",1,1,1,0,0,N/A
2473638,"December 3, 2022",Kentucky,Louisville,"4500 E Pages Lane",3,0,1,0,0,N/A
2473669,"December 3, 2022",Colorado,"Fort Collins","3513 Stratton Dr",2,0,1,0,0,N/A
2789466,"December 3, 2022",Texas,Houston,"4905 Denmark St",1,0,0,0,0,N/A
2475423,"December 3, 2022","North Carolina",Henderson,"67 Hoyle Ln",1,0,0,0,1,N/A
2472809,"December 1, 2022",Pennsylvania,Pittsburgh,"1500 Lincoln Ave",2,0,0,0,2,N/A
2469733,"November 28, 2022",Kansas,"Kansas City","3600 block of N 123rd St",1,0,0,0,0,N/A
2570712,"November 27, 2022",Texas,Pasadena,"2300 block of Red Bluff Rd",1,0,0,0,0,N/A
2470805,"November 24, 2022","West Virginia","Pocahontas (county)",N/A,1,0,0,0,0,N/A
2466489,"November 23, 2022",Louisiana,"New Orleans","3200 block of 2nd St",1,0,0,0,0,N/A
2464247,"November 20, 2022",Wisconsin,Berlin,N/A,1,0,0,0,0,N/A
2470982,"November 20, 2022",Illinois,Rockford,N/A,1,0,0,0,1,N/A
2462457,"November 18, 2022",Virginia,Richmond,"4275 Laurel Oak Rd",4,0,0,0,1,N/A
2461655,"November 17, 2022",Utah,"Salt Lake City (Taylorsville)","1680 W Thornhill Dr",1,0,0,0,0,N/A
2462388,"November 15, 2022",Maryland,Hagerstown,"431 Dual Hwy",2,0,0,0,1,N/A
2459644,"November 14, 2022",Indiana,Muncie,"1523 S Burlington Dr",1,0,0,0,0,N/A
2460393,"November 14, 2022",Oklahoma,Sawyer,OK-147,1,1,1,0,0,N/A
2458830,"November 13, 2022",Michigan,"Mount Pleasant","7321 E Remus Rd",2,1,1,0,0,N/A
2457463,"November 10, 2022",Florida,Miami,"665 Ives Dairy Rd",1,0,0,0,0,N/A
2459737,"November 9, 2022",Indiana,Vincennes,N/A,1,0,0,0,0,N/A
2456512,"November 9, 2022",California,Merced,"Q St and W 12th St",1,0,0,0,1,N/A
2454256,"November 5, 2022",Georgia,Calhoun,"Neal St",1,0,0,0,0,N/A
2593664,"November 5, 2022",Alabama,Huntsville,"Mount Vernon Rd",1,0,0,0,0,N/A
2452673,"November 4, 2022",Florida,Orlando,"10145 Myers Dr",4,1,0,1,1,N/A
2452904,"November 4, 2022",Tennessee,Memphis,"1415 Breedlove St",1,2,0,0,1,N/A
2451722,"November 2, 2022","North Carolina",Charlotte,"1900 Charleston Pl",1,0,0,0,0,N/A
2449307,"October 31, 2022",Michigan,Saginaw,"2780 Williamson Rd",1,0,0,0,0,N/A
2451395,"October 29, 2022",Florida,Holiday,US-19,1,0,0,0,1,N/A
2447217,"October 27, 2022",Oklahoma,"Broken Arrow","425 S Hickory Ave",7,0,1,0,0,N/A
2446685,"October 27, 2022",Arizona,Phoenix,"N 16th St and E Greenway Pkwy",1,0,0,0,1,N/A
2446485,"October 26, 2022",Illinois,Chicago,"2600 block of W Potomac Ave",1,0,0,0,2,N/A
2444759,"October 24, 2022",Illinois,Chicago,"3600 block of S Rhodes Ave",1,0,0,0,1,N/A
2444573,"October 24, 2022",Texas,Houston,"5535 Timber Creek Pl",1,0,0,0,0,N/A
2443735,"October 23, 2022",Ohio,Cincinnati,"6120 Roe St",1,0,0,0,0,N/A
2444683,"October 21, 2022",Wisconsin,Hartland,"700 Mansfield Court",4,0,2,0,0,N/A
2440798,"October 19, 2022",Texas,Lasara,"Wells St and 6th St",1,1,0,0,0,N/A
2441364,"October 19, 2022",Montana,Billings,"4600 block of Murphy Ave",2,0,1,0,0,N/A
2440698,"October 18, 2022",Pennsylvania,Lancaster,"529 Woodward St",1,0,0,0,0,N/A
2440801,"October 18, 2022",Louisiana,Shreveport,"4109 Pines Rd",2,0,1,0,0,N/A
2439460,"October 17, 2022",Wisconsin,"Green Bay","1600 block of Amy St",1,0,0,0,0,N/A
2440137,"October 17, 2022",Georgia,Winder,"181 Celestial Run",1,1,1,0,0,N/A
2438918,"October 16, 2022","North Carolina",Benson,"901 W Watson Rd",1,0,0,0,0,N/A
2436696,"October 13, 2022",Tennessee,Memphis,"7100 block of Dokkum Dr",2,1,0,0,1,N/A
2436296,"October 12, 2022",Mississippi,Jackson,"2010 Chadwick Dr",1,0,0,0,0,N/A
2439761,"October 12, 2022",Kentucky,Redfox,"325 Hale Branch Rd",1,0,0,0,0,N/A
2434598,"October 10, 2022",Missouri,"Saint Louis","3619 S Kingshighway Blvd",1,0,0,0,0,N/A
2434915,"October 10, 2022",Georgia,Columbus,"Hilton Ave",2,0,0,0,1,N/A
2440387,"October 9, 2022",Georgia,Decatur,"Glen Hollow Cir",1,0,0,0,1,N/A
2430399,"October 4, 2022",Arkansas,"Little Rock","11700 block of Doe Run Dr",1,0,0,0,0,N/A
2430455,"October 4, 2022",Oklahoma,"Oklahoma City","2516 SE 47th St",1,0,0,0,4,N/A
2427892,"September 30, 2022",Illinois,Chicago,"4400 block of W Marquette Rd",1,0,0,0,0,N/A
2426992,"September 29, 2022",Illinois,"Peoria (West Peoria)","100 block of N Cedar St",2,0,0,0,1,N/A
2428379,"September 28, 2022",Arizona,"Kaibeto (Kaibito)",N/A,2,0,0,0,1,N/A
2424433,"September 26, 2022",Missouri,"Kansas City","2500 block of Hardesty Ave",2,1,0,0,0,N/A
2425193,"September 26, 2022",Arizona,"San Tan Valley","Schnepf Road and Castlegate Blvd",1,0,1,0,0,N/A
2424304,"September 25, 2022",Virginia,Suffolk,"200 block of Pine St",1,0,0,0,1,N/A
2424013,"September 25, 2022",Ohio,"Saint Clairsville","139 N Market St",1,0,0,0,0,N/A
2423059,"September 24, 2022",California,Fresno,"Jensen Ave and Fruit Ave",2,0,0,0,2,N/A
2419619,"September 20, 2022",Michigan,"Battle Creek","94 Cliff St",1,0,0,0,3,N/A
2415724,"September 14, 2022",Ohio,"Beachwood (Warrensville Heights)","4000 block of Clarkwood Pkwy",1,0,0,0,0,N/A
2413777,"September 13, 2022",Michigan,Detroit,"8800 block of Heyden St",1,0,0,0,0,N/A
2410446,"September 9, 2022",Maryland,"Elk Mills","47 Hebron Ct",4,0,1,0,0,N/A
2410321,"September 8, 2022","North Carolina",Reidsville,"Circle Dr",1,0,0,0,1,N/A
2407282,"September 4, 2022",Indiana,Evansville,"1856 S Garvin St",1,0,0,0,0,N/A
2402876,"August 31, 2022",Missouri,"Saint Louis","956 Melvin Dr",1,0,0,0,0,N/A
2403958,"August 31, 2022","South Carolina","Myrtle Beach","100 block of Centennial Cir",2,0,1,0,0,N/A
2402287,"August 30, 2022",Michigan,Portage,"4618 E Milham Ave",2,0,1,0,0,N/A
2401767,"August 29, 2022",Georgia,Savannah,"2100 block of Alaska St",1,0,0,0,1,N/A
2401683,"August 29, 2022",Florida,Tampa,"13835 Heritage Club Dr",1,1,0,0,1,N/A
2401464,"August 28, 2022",Hawaii,Hawi,"55-3478 Akoni Pule Hwy",1,0,0,0,0,N/A
2400239,"August 28, 2022",Texas,"Fort Worth","8512 Steel Dust Dr",2,1,0,0,2,N/A
2400271,"August 28, 2022",Illinois,Chicago,"7600 block of N Paulina St",1,1,0,0,0,N/A
2399909,"August 27, 2022",Georgia,Atlanta,"180 Jackson St NE",1,0,0,0,2,N/A
2397706,"August 24, 2022",Florida,Gainesville,"5200 NE 39th Ave",1,0,0,0,0,N/A
2395161,"August 22, 2022",Michigan,Detroit,"Oakfield Ave and St Martins Ave",1,0,0,0,0,N/A
2394274,"August 21, 2022",Ohio,"Cincinnati (Mount Healthy)","1894 Lakenoll Dr",1,0,1,0,0,N/A
2396611,"August 17, 2022",Indiana,"Crown Point","3885 Brookside Dr",1,0,0,0,0,N/A
2388749,"August 15, 2022",Tennessee,Smyrna,"110 Sam Ridley Pkwy E",1,0,0,0,0,N/A
2386529,"August 12, 2022","North Dakota",Williston,N/A,1,0,0,0,0,N/A
2384050,"August 10, 2022",Virginia,Portsmouth,"2800 block of Deep Creek Blvd",1,0,0,0,1,N/A
2384523,"August 9, 2022",Texas,Granbury,"100 block of Abbey Park Ct",1,0,0,0,1,N/A
2383391,"August 8, 2022",Indiana,"Fort Wayne","2100 block of Carterton Dr",1,0,0,0,1,N/A
2382926,"August 8, 2022",Pennsylvania,Dallas,"79 Harris St",1,0,1,0,0,N/A
2381412,"August 7, 2022",Georgia,Atlanta,"I-85 and N Druid Hills Rd",1,0,0,0,0,N/A
2380354,"August 6, 2022",Oklahoma,"Oklahoma City","11300 block of Treemont Ln",3,0,1,0,0,N/A
2382461,"August 6, 2022",Mississippi,Macon,"East St",1,0,0,0,0,N/A
2379075,"August 3, 2022","New Hampshire","Tilton (Northfield)","56 Wethersfield Dr",3,0,0,0,1,N/A
2378423,"August 3, 2022",Maryland,Towson,"6300 block of Sherwood Rd",1,0,0,0,1,N/A
2377338,"August 2, 2022",Florida,Orlando,"9873 Lake District Ln",4,0,1,0,0,N/A
2370647,"July 26, 2022",Indiana,Muncie,"2810 S Monroe St",1,0,0,0,0,N/A
2371386,"July 26, 2022",Alaska,Fairbanks,"1476 Constance Ct",3,0,1,0,0,N/A
2369170,"July 25, 2022",Michigan,Shelby,"3153 W Baseline Rd",1,0,1,0,0,N/A
2366440,"July 22, 2022",Iowa,Maquoketa,"9688 Caves Rd",2,0,1,0,0,N/A
2366931,"July 22, 2022",Florida,"Saint Petersburg","5800 Lynn Lake Dr S",1,0,0,0,0,N/A
2375189,"July 22, 2022","South Carolina",Columbia,"Elders Pond Dr",1,0,0,0,0,N/A
2366178,"July 20, 2022",Georgia,"Fort Valley","1105 Edwards St",1,1,0,0,3,N/A
2623569,"July 20, 2022",Missouri,Greenfield,"74 Route H",1,0,0,0,0,N/A
2363069,"July 18, 2022",Georgia,Cochran,"137 Lucas Rd",1,1,0,0,3,N/A
2364633,"July 17, 2022",Indiana,Kouts,"105 W Daumer Rd",1,0,0,0,0,N/A
2362978,"July 17, 2022",Montana,"East Glacier Park",N/A,2,1,0,0,0,N/A
2360449,"July 15, 2022",Wisconsin,Milwaukee,"N 13th St and W Ring St",1,0,0,0,0,N/A
2359835,"July 14, 2022",Arkansas,"Pine Bluff","27113 Shannon Valley Rd",1,0,0,0,0,N/A
2357892,"July 12, 2022",Indiana,"East Chicago","Guthrie St and Main St",1,0,0,0,0,N/A
2358335,"July 11, 2022",Oklahoma,Guthrie,"E Co Rd 76 and N Westminster Rd",1,0,0,0,0,N/A
2356175,"July 10, 2022",Montana,Helena,"807 Orange St",1,1,0,0,1,N/A
2354749,"July 8, 2022",Louisiana,"Baton Rouge","7400 block of Prescott Rd",1,0,0,0,0,N/A
2354834,"July 8, 2022",Ohio,Akron,"780 Princeton St",2,0,0,0,0,N/A
2353210,"July 6, 2022",Mississippi,Cleveland,N/A,1,0,0,0,1,N/A
2351438,"July 6, 2022","North Carolina",Raleigh,"6317 Shanda Dr",2,1,0,0,1,N/A
2348347,"July 3, 2022",Iowa,Coralville,"929 Boston Way",1,0,0,0,0,N/A
2347434,"July 3, 2022",Texas,Houston,"13500 block of Northborough Dr",1,1,0,0,0,N/A
2347838,"July 3, 2022",Alabama,Huntsville,"100 block of Seminole Dr",1,0,0,0,0,N/A
2345628,"July 1, 2022",Wisconsin,Milwaukee,"1134 N 20th St",1,0,0,0,0,N/A
2345108,"June 30, 2022",Missouri,"Saint Louis","10400 block of Olney Dr",1,0,0,0,0,N/A
2343957,"June 28, 2022",Texas,"Fort Worth","100 block of Woodie Way",1,0,0,0,0,N/A
2342174,"June 27, 2022",Kentucky,Louisville,"4700 block of E Pages Ln",1,0,0,0,0,N/A
2340972,"June 26, 2022",Texas,Dallas,"3500 block of Munger Ave",1,0,0,0,0,N/A
2341383,"June 26, 2022",Florida,Pensacola,"3114 Doctor MLK Jr Dr",1,1,0,0,0,N/A
2340309,"June 25, 2022","North Carolina",Charlotte,"7100 block of Wallace Rd",1,0,0,1,0,N/A
2339369,"June 24, 2022",Illinois,Chicago,"7700 block of S Shore Ave",1,1,0,0,0,N/A
2338879,"June 23, 2022",Ohio,Dayton,"337 Burleigh Ave",2,0,1,0,0,N/A
2337574,"June 22, 2022",Tennessee,Germantown,"2900 block of S Germantown Rd",1,0,0,0,2,N/A
2337547,"June 22, 2022",Louisiana,"New Orleans","8600 block of Apple St",1,0,0,0,0,N/A
2336374,"June 19, 2022",Illinois,"East Saint Louis","N 15th St and E Broadway",1,1,0,0,1,N/A
2338593,"June 17, 2022",California,Crockett,"1200 block of Pomona St",1,0,1,0,0,N/A
2333480,"June 17, 2022",Arkansas,"West Memphis","741 N 18th St",1,1,0,0,2,N/A
2330010,"June 13, 2022",Texas,Houston,"404 Oxford St",1,1,0,0,1,N/A
2329063,"June 12, 2022",Texas,Houston,"13821 McNair St",1,0,0,0,2,N/A
2329070,"June 12, 2022",Ohio,Portsmouth,"1800 block of Grant St",1,0,0,0,0,N/A
2328917,"June 12, 2022",Mississippi,Jackson,"1425 Bailey Ave",1,0,0,0,0,N/A
2328359,"June 11, 2022",Georgia,Covington,"95 Chandler Field Dr",2,1,1,0,0,N/A
2325947,"June 8, 2022",Ohio,Dayton,"700 block of Goodlow Ave",1,0,0,0,0,N/A
2325298,"June 8, 2022",Texas,Beaumont,"400 block of E Lucas Dr",1,0,0,0,0,N/A
2322582,"June 6, 2022",Ohio,Cleveland,"1148 E 77th St",1,0,0,0,1,N/A
2322231,"June 5, 2022",California,"Baldwin Park","Merced Ave and Palm Ave",2,0,0,0,0,N/A
2321188,"June 4, 2022",Michigan,Detroit,"20290 block of Goulburn Ave",1,0,0,0,2,N/A
2319567,"June 2, 2022",Texas,Centerville,"1696 TX-7 W",5,0,1,0,0,N/A
2317117,"May 31, 2022",Michigan,Wyoming,"2118 Godfrey Avenue SW",3,0,1,0,0,N/A
2316814,"May 30, 2022",Alabama,Mobile,"1300 block of Duval St",1,0,0,0,4,N/A
2315922,"May 29, 2022","North Carolina",Monroe,"Morrow Ave and S Church St",2,0,0,0,1,N/A
2315875,"May 29, 2022",Pennsylvania,Philadelphia,"2100 block of Carver St",2,0,0,0,0,N/A
2315494,"May 29, 2022",Pennsylvania,Pittsburgh,"100 block of 4th Ave",1,0,0,0,2,N/A
2314616,"May 28, 2022",Arkansas,"Little Rock","700 block of Fair Park Blvd",1,0,0,0,0,N/A
2314485,"May 28, 2022","South Carolina",Florence,"3106 N Old River Rd",1,1,0,0,1,N/A
2313970,"May 27, 2022",Michigan,Stanwood,"10711 185th Ave",4,0,0,1,1,N/A
2310278,"May 24, 2022",Texas,Uvalde,"715 Old Carrizo Rd",21,17,1,0,0,N/A
2314313,"May 23, 2022",Georgia,Moultrie,"600 block of 3rd St SW",1,0,0,0,0,N/A
2308129,"May 21, 2022",Maine,Wells,"97 Crediford Rd",1,2,0,0,1,N/A
2307608,"May 20, 2022","North Carolina","Roanoke Rapids","100 block of Delta Dr",1,0,0,0,0,N/A
2309465,"May 20, 2022",Minnesota,Mound,"Shoreline Dr and Bartlett Blvd",1,0,0,0,1,N/A
2306421,"May 19, 2022",Texas,Houston,"9721 Cypresswood Dr",3,0,1,0,0,N/A
2303670,"May 16, 2022","New York",Bronx,"995 Westchester Ave",1,0,0,0,1,N/A
2304173,"May 16, 2022",Iowa,Ankeny,"NE 5th St and NE Delaware Ave",1,0,0,0,0,N/A
2301606,"May 14, 2022",Illinois,Skokie,"4700 block of Main St",1,1,0,0,2,N/A
2301747,"May 13, 2022","South Carolina",North,"174 McClain St",1,0,0,0,4,N/A
2300193,"May 11, 2022",Texas,Waco,"3501 Alta Vista Dr",1,0,0,0,0,N/A
2300099,"May 10, 2022",Oregon,Gresham,"700 block of SE 185th Ave",2,0,1,0,0,N/A
2297157,"May 8, 2022",California,"Canoga Park","22547 Victory Blvd",3,0,0,0,1,N/A
2298458,"May 8, 2022",California,Baker,"Zzyzx Rd",1,0,1,0,0,N/A
2299980,"May 8, 2022",Colorado,Frederick,"6823 2nd St",1,0,0,0,0,N/A
2297429,"May 5, 2022","South Dakota",Oglala,"29604 US-18",1,0,0,0,0,N/A
2296002,"May 5, 2022",Alabama,Dutton,AL-40,1,0,0,0,0,N/A
2295738,"May 5, 2022",Texas,Dallas,"2500 block of Fatima Ave",1,0,0,0,1,N/A
2292748,"May 2, 2022",Texas,Katy,"22300 block of Guston Hall Ln",1,0,0,0,1,N/A
2292743,"May 2, 2022",Pennsylvania,"Newtown (Upper Makefield)","100 block of Timber Ridge Rd",2,0,0,0,1,N/A
2291798,"April 30, 2022",Indiana,"South Bend","1000 block of Woodbine Way",1,0,0,0,0,N/A
2289696,"April 27, 2022",Ohio,Toledo,"Jackman Rd and Hillcrest Ave",1,1,0,0,1,N/A
2289308,"April 27, 2022",Louisiana,Opelousas,"700 block of Mia St",2,3,0,0,3,N/A
2288525,"April 26, 2022",Colorado,Denver,"5959 N Dunkirk St",3,0,0,0,1,N/A
2288433,"April 26, 2022",Louisiana,"New Orleans","400 block of Burgundy St",1,0,0,0,0,N/A
2286385,"April 24, 2022","South Carolina",Scranton,"396 S Glendale School Rd",1,0,0,0,2,N/A
2285738,"April 23, 2022",Louisiana,Lafayette,"1300 block of NE Evangeline Thwy",1,0,0,0,0,N/A
2283535,"April 20, 2022",Minnesota,Duluth,"715 E 12th St",4,0,1,0,0,N/A
2283481,"April 18, 2022","North Carolina",Mocksville,"1943 Junction Rd",3,0,1,0,0,N/A
2282234,"April 18, 2022",Minnesota,Lynd,N/A,1,0,0,0,0,N/A
2281849,"April 17, 2022",Colorado,Denver,"1700 block of S Pecos St",1,0,0,0,0,N/A
2280526,"April 15, 2022",Minnesota,Minneapolis,"341 Hennepin Ave",1,0,0,0,0,N/A
2280916,"April 15, 2022",Ohio,"Cleveland (South Euclid)","Wrenford Rd and Bexley Blvd",1,0,0,0,0,N/A
2279355,"April 14, 2022",Pennsylvania,Erie,"2100 block of Downing Ave",1,0,0,0,4,N/A
2278104,"April 13, 2022",Nevada,Henderson,"103 Sicily Hills Ct",1,0,0,0,1,N/A
2278012,"April 12, 2022",Louisiana,"Baton Rouge","5100 block of Fairfields Ave",1,0,0,0,3,N/A
2276006,"April 10, 2022",Colorado,"Fort Collins","1200 block of E Lincoln Ave",1,0,0,0,2,N/A
2275895,"April 10, 2022",Arkansas,Marion,"Sherwood Cove and Hickory St",1,0,0,0,1,N/A
2273835,"April 8, 2022",Georgia,"Stone Mountain","3800 block of Wood Path Dr",1,0,0,0,0,N/A
2274050,"April 8, 2022",Ohio,Vinton,"26000 block of Price Strong Rd",1,0,0,0,0,N/A
2273197,"April 7, 2022",Florida,"West Palm Beach","916 4th St",1,1,0,0,0,N/A
2271185,"April 5, 2022",Pennsylvania,Chester,"916 Kerlin St",1,0,0,0,0,N/A
2270357,"April 3, 2022",Florida,"Saint Petersburg","11401 Dr MLK Jr St N",1,0,1,0,0,N/A
2270300,"April 3, 2022",Florida,Jacksonville,"Crimson Leaf Ln",1,0,0,0,1,N/A
2268578,"April 1, 2022",Louisiana,Shreveport,"2800 block of Morningside Dr",1,1,0,0,0,N/A
2265633,"March 28, 2022",Georgia,Atlanta,"1496 Bouldercrest Rd",1,0,0,0,0,N/A
2264686,"March 28, 2022",Texas,Dallas,"9500 block of Timberleaf Dr",1,0,0,0,1,N/A
2264650,"March 27, 2022","North Carolina",Sylva,"110 Ferguson Road",2,0,0,0,0,N/A
2265089,"March 27, 2022",Tennessee,Memphis,"1265 Wesley Dr",1,0,0,0,0,N/A
2264300,"March 26, 2022",Kansas,"Baxter Springs","340 Wyandotte Ave",2,0,1,0,0,N/A
2263826,"March 25, 2022",Georgia,"Warner Robins","200 block of Virginia Dare Dr",1,0,0,0,5,N/A
2263793,"March 25, 2022","New Jersey",Trenton,"1 Kingsbury Sq",1,0,0,0,1,N/A
2262573,"March 24, 2022",Ohio,Akron,"Dayton Pl and Dayton St",1,0,0,0,0,N/A
2261209,"March 23, 2022",Tennessee,Talbott,"414 English Dr",1,0,0,0,0,N/A
2260829,"March 22, 2022",Ohio,Cleveland,"4000 block of W 49th St",1,0,0,0,0,N/A
2259312,"March 20, 2022",Louisiana,"Lake Charles","1400 block of Mill St",1,0,0,0,11,N/A
2257091,"March 18, 2022",Michigan,Pontiac,"Edmund Ct and E Wilson Ave",1,1,0,0,1,N/A
2261059,"March 18, 2022",Ohio,Euclid,"26000 block of Shoreview Ave",1,0,0,0,0,N/A
2254521,"March 15, 2022",Texas,Lubbock,"3600 block of Lehigh St",1,0,0,0,1,N/A
2254381,"March 14, 2022",Tennessee,Ripley,"College St and Maple Ave",1,0,0,0,0,N/A
2252804,"March 13, 2022",Alabama,Tuscaloosa,"3028 19th St",2,0,0,0,3,N/A
2252114,"March 12, 2022",Texas,Killeen,"400 block of W Vega Ln",2,1,0,0,1,N/A
2253591,"March 12, 2022",Illinois,Springfield,"700 block of W Monroe St",1,0,0,0,0,N/A
2251075,"March 10, 2022",Tennessee,Elkton,"Old Elkton Hwy",1,0,0,0,0,N/A
2250213,"March 8, 2022",Illinois,Bloomington,"1005 Four Seasons Rd",2,0,1,0,0,N/A
2246321,"March 2, 2022","North Carolina",Lexington,"516 Burgess St",3,0,0,0,1,N/A
2244283,"March 1, 2022",Michigan,Troy,"1750 Brentwood Dr",1,1,1,0,0,N/A
2243847,"February 28, 2022",Hawaii,Waialua,"67-174 Kuhi St",1,0,1,0,0,N/A
2243899,"February 28, 2022",Pennsylvania,Coatesville,"367 E Chestnut St",1,0,0,0,2,N/A
2243861,"February 28, 2022",California,Sacramento,"2041 Wyda Way",4,0,1,0,0,N/A
2244017,"February 27, 2022",Mississippi,Hattiesburg,"Willis Ave",1,2,0,0,0,N/A
2243381,"February 27, 2022",Georgia,Lithonia,"3045 Panola Rd",1,0,0,0,0,N/A
2241752,"February 24, 2022",Texas,Granbury,"306 Kathy Lane",3,0,1,0,0,N/A
2241007,"February 23, 2022",Georgia,Atlanta,"1754 Richmond Cir SE",1,0,0,0,1,N/A
2238312,"February 20, 2022",Mississippi,Mccomb,"Minnesota Ave and 6th St",1,3,0,1,6,N/A
2237994,"February 20, 2022",Michigan,Detroit,"15319 Evergreen Rd",3,0,0,0,1,N/A
2239050,"February 19, 2022",Ohio,Lima,"1300 block of W Wayne St",1,0,0,0,0,N/A
2237226,"February 18, 2022",Texas,"San Antonio","100 block of Dublin Ave",1,0,0,0,2,N/A
2235843,"February 17, 2022",Arizona,Glendale,"65th Ave and Bethany Home Rd",1,0,0,0,1,N/A
2234293,"February 14, 2022",Texas,Houston,"2900 Woodridge Dr",1,0,0,0,1,N/A
2232980,"February 12, 2022",Ohio,Toledo,"1900 block of Collingwood Blvd",1,1,0,0,2,N/A
2233300,"February 12, 2022",Louisiana,"Morgan City","2200 block of Maple St",1,0,0,0,1,N/A
2232093,"February 11, 2022",Alabama,Montgomery,"N Decatur St and Graves St",1,0,0,0,2,N/A
2230700,"February 9, 2022",Michigan,Wyoming,"2400 block of Meyer Ave SW",1,0,0,1,1,N/A
2229918,"February 8, 2022",Florida,"Hialeah (Miami Lakes)","6400 block of Miami Lakes Dr",2,0,1,0,0,N/A
2227864,"February 6, 2022",Kentucky,Lexington,"572 N Upper St",1,0,1,0,0,N/A
2227058,"February 5, 2022",Texas,Corsicana,"2919 W 2nd Ave",7,0,1,0,0,N/A
2226920,"February 4, 2022",Florida,"Belle Glade","500 block of SE 1st St",1,0,0,0,2,N/A
2229068,"February 4, 2022",Arizona,"El Mirage","12950 W Laurel Ln",2,0,1,0,0,N/A
2226545,"February 3, 2022",Texas,Houston,"12212 Tidwell Rd",1,0,0,0,1,N/A
2226010,"February 3, 2022",Georgia,Griffin,"1110 W Poplar St",1,0,0,0,1,N/A
2224250,"February 1, 2022",Georgia,Columbus,"4200 block of Green Ridge Dr",1,0,0,0,0,N/A
2226217,"February 1, 2022",Colorado,"Colorado Springs","3200 block of Heather Glen Dr",2,0,0,0,1,N/A
2222923,"January 29, 2022",Texas,Eustace,"Co Rd 2911",1,0,0,0,1,N/A
2222806,"January 29, 2022",Nevada,"Las Vegas","NV-159 and Calico Canyon Rd",1,0,1,0,0,N/A
2222988,"January 29, 2022",Louisiana,"Westwego (Bridge City)","900 block of Stillwell Ln",1,0,0,0,0,N/A
2221916,"January 28, 2022",Tennessee,Goodlettsville,"2844 Greer Rd",3,0,1,0,0,N/A
2218867,"January 24, 2022",Georgia,Atlanta,"202 Anderson Ave",1,0,0,0,2,N/A
2219689,"January 24, 2022",Ohio,Somerville,"9290 Greenbush Rd",2,0,1,0,0,N/A
2218524,"January 22, 2022",Florida,"Port Saint Lucie","10460 Southwest Village Pkwy",1,0,1,0,0,N/A
2217486,"January 22, 2022",Illinois,Chicago,"3900 block of W 26th St",1,1,0,0,1,N/A
2215351,"January 16, 2022",Texas,"Del Rio","400 block of San Juan St",1,0,0,0,2,N/A
2482435,"January 15, 2022",Oklahoma,"Oklahoma City","717 Santa Rosa Dr",1,0,0,0,0,N/A
2212218,"January 15, 2022",Wisconsin,Milwaukee,"1803 W Highland Ave",1,0,0,0,1,N/A
2210266,"January 12, 2022",Florida,"Panama City","5000 block of E 7th St",1,0,0,0,0,N/A
2210429,"January 12, 2022",Florida,"Land O Lakes (Land O' Lakes)","22000 block of Laver Ln",2,0,1,0,0,N/A
2210511,"January 12, 2022",Tennessee,Memphis,"2115 Clayton Ave",1,0,0,0,0,N/A
2209838,"January 12, 2022",Arizona,Phoenix,"19th Ave and Thunderbird Rd",1,0,0,0,0,N/A
2210478,"January 12, 2022",Georgia,Atlanta,"833 Harwell Rd NW",1,0,0,0,0,N/A
2209185,"January 11, 2022",Alabama,"Bessemer (Hueytown)","1400 block of 26th Ave",1,0,0,0,0,N/A
2207308,"January 8, 2022",Ohio,"Brookpark (Brook Park)","5354 W 150th St",1,1,1,0,0,N/A
2207445,"January 8, 2022",Georgia,Augusta,"2000 3rd Ave",1,0,0,0,6,N/A
2205638,"January 6, 2022",Maryland,Clinton,"8500 block of Wendy St",2,1,0,0,1,N/A
2205490,"January 6, 2022",Alabama,Tuscaloosa,"8700 block of Charolais Dr",2,0,1,0,0,N/A
2210967,"January 5, 2022",Oklahoma,Lawton,"8802 NW Cache Rd",2,0,0,0,1,N/A
2205965,"January 5, 2022",Mississippi,Starkville,"Santa Anita Dr",1,0,0,0,4,N/A
2204367,"January 4, 2022",Washington,Auburn,"2100 block of 66th St SE",2,0,1,0,0,N/A
2201052,"December 30, 2021",Missouri,Kirksville,"700 block of E Dodson St",3,1,0,0,2,N/A
2200989,"December 29, 2021",Illinois,Rockford,"3300 block of Searles Ave",1,0,0,0,2,N/A
2199601,"December 28, 2021","South Carolina",Ridgeland,"2359 Wagon Branch Loop",1,0,0,0,1,N/A
2197602,"December 26, 2021",Louisiana,"New Orleans","General De Gaulle Dr and Hendee St",1,0,0,0,0,N/A
2196844,"December 25, 2021","North Carolina",Hendersonville,"Spicer Cove Rd",1,0,0,0,0,N/A
2196475,"December 24, 2021",Missouri,Independence,"500 block of S Glenwood Ave",1,0,0,0,0,N/A
3394247,"December 24, 2021",Georgia,Douglas,"75 2nd Ave S",1,1,0,0,1,N/A
2194783,"December 22, 2021",Ohio,Lithopolis,"390 Westview Terr",3,0,1,0,0,N/A
2195175,"December 22, 2021",Louisiana,Jeanerette,"1400 block of Main St",1,0,0,0,0,N/A
2193960,"December 20, 2021",Washington,Puyallup,"10800 block of 58th Avenue Ct E",1,0,0,0,0,N/A
2193522,"December 19, 2021",Illinois,Belvidere,"628 Union Ave",3,0,0,0,1,N/A
2192261,"December 17, 2021",Texas,Lubbock,"700 block of E Ursuline St",1,0,0,0,0,N/A
2190902,"December 16, 2021",Ohio,Dayton,"217 Out Belle Dr",1,0,1,0,0,N/A
2187270,"December 11, 2021",Kentucky,Louisville,"4400 block of Newport Rd",1,0,0,0,0,N/A
2190929,"December 11, 2021",Georgia,"Jasper (county)",N/A,1,0,0,0,0,N/A
2186925,"December 10, 2021",Louisiana,"Baton Rouge","River Rd and Brightside Dr",2,0,0,0,0,N/A
2185903,"December 9, 2021",Georgia,Riverdale,"6000 block of Westbury Rd",1,0,0,0,1,N/A
2186328,"December 8, 2021","New Mexico","Rio Rancho","5748 Sandoval Dr NE",1,0,0,0,0,N/A
2184591,"December 7, 2021",Ohio,"Canal Winchester","6652 Kodiak Dr",3,0,0,0,0,N/A
2184845,"December 6, 2021",Wisconsin,Milwaukee,"3150 S 49th St",3,0,1,0,0,N/A
2182488,"December 4, 2021",Washington,"Granite Falls","8600 block of WA-92",1,0,0,0,0,N/A
2183429,"December 3, 2021","South Carolina","Port Royal","1650 Ribaut Rd",1,0,0,0,0,N/A
2181096,"December 2, 2021","North Carolina","Elizabeth City","Perry St and Jordan St",3,3,0,0,2,N/A
2180973,"December 2, 2021",Kentucky,Louisville,"8200 block of Sandidge Dr",1,0,0,0,0,N/A
2180041,"December 1, 2021",Kansas,"Kansas City","N 55th St and Georgia Ave",1,2,1,0,0,N/A
2178901,"November 30, 2021",Virginia,Covington,"1600 block of E Dolly Ann Dr",1,0,0,0,0,N/A
2177651,"November 28, 2021",Texas,"Fort Worth","100 block of N Lamar St",1,0,0,0,0,N/A
2177416,"November 28, 2021",California,Lancaster,"3500 block of Garnet Ln",5,0,0,0,1,N/A
2176729,"November 27, 2021",Texas,Hallsville,"2100 block of Young Rd",1,0,0,0,0,N/A
2176259,"November 25, 2021","South Carolina",Blackstock,"7134 Old Douglass Rd",1,0,0,0,1,N/A
2175762,"November 25, 2021",Minnesota,"Minneapolis (Brooklyn Park)","8000 block of Florida Ave",1,0,0,0,1,N/A
2176170,"November 25, 2021",Georgia,Atlanta,"4555 Washington Rd",1,0,0,0,0,N/A
2175125,"November 25, 2021",Pennsylvania,Bally,"8500 block of Chestnut St",1,0,0,0,0,N/A
2174401,"November 24, 2021","District of Columbia",Washington,"2320 Chester St SE",1,0,0,0,0,N/A
2173864,"November 23, 2021",California,Pasadena,"600 block of Sunnyslope Ave",1,0,1,0,0,N/A
2173281,"November 22, 2021",Pennsylvania,Pittsburgh,"100 block of Prescott Dr",1,0,0,0,1,N/A
2173053,"November 22, 2021",Pennsylvania,Pittsburgh,"500 block of N Negley Ave",1,0,0,0,0,N/A
2172398,"November 21, 2021",Kentucky,Shelbyville,"72 Zelkova Dr",1,0,0,0,0,N/A
2170247,"November 18, 2021",Maryland,Smithsburg,"MD-418 and Midvale St",3,0,1,0,0,N/A
2169620,"November 16, 2021",California,Sacramento,"Seavey Cir",2,0,0,0,1,N/A
2165859,"November 13, 2021",Alabama,Mobile,"1200 block of Alba St",1,0,0,0,0,N/A
2166371,"November 13, 2021",Georgia,Atlanta,"2060 Alison Court SW",1,0,0,0,1,N/A
2167270,"November 13, 2021",Georgia,Nashville,"300 block of JD Nichols Rd",1,1,0,0,0,N/A
2165600,"November 12, 2021",Virginia,Richmond,"3050 Nine Mile Rd",2,2,0,0,4,N/A
2161546,"November 7, 2021","South Carolina",Greenville,"Staunton Bridge Rd",1,1,0,0,1,N/A
2160866,"November 6, 2021",California,Oakland,"I-880 and Broadway",1,0,0,0,3,N/A
2159430,"November 4, 2021",Illinois,Harvey,"15300 block of Lexington Ave",1,0,0,0,0,N/A
2156847,"November 1, 2021",Tennessee,Nashville,"2071 Oakwood Ave",1,0,0,0,0,N/A
2170476,"October 30, 2021",Florida,"Fort Pierce","100 block of Lilac Ter",1,0,0,0,1,N/A
2155944,"October 30, 2021",Colorado,"Colorado Springs","1350 Pleier Dr",3,0,1,0,0,N/A
2241941,"October 29, 2021",Virginia,"Newport News",N/A,1,0,0,0,0,N/A
2154648,"October 29, 2021","South Carolina",Columbia,"2400 block of Blue Ridge Terrace",1,0,0,0,0,N/A
2421927,"October 29, 2021",Louisiana,Monroe,"3980 Old Sterlington Rd",2,0,0,0,1,N/A
2153114,"October 28, 2021",Texas,Houston,"8301 Willow Pl Dr N",1,0,0,0,0,N/A
2152151,"October 26, 2021",Alabama,Greensboro,"Balsa Ave",1,0,0,0,0,N/A
2151242,"October 25, 2021",Ohio,Canton,"1600 block of Royal Ave NE",1,0,0,0,0,N/A
2150576,"October 25, 2021",Tennessee,Cleveland,"Hancock Rd NE",1,0,0,0,0,N/A
2145183,"October 18, 2021",Texas,Elsa,"200 block of Begonia St",1,0,0,0,0,N/A
2145544,"October 18, 2021",Texas,Austin,"5828 Abby Ann Ln",2,0,1,0,0,N/A
2146784,"October 17, 2021","North Carolina","Elizabeth City","Hickory Rd",1,0,0,0,0,N/A
2142565,"October 16, 2021","South Carolina",Greenville,"3125 White Horse Rd",1,0,0,0,0,N/A
2146135,"October 14, 2021",Wisconsin,Milwaukee,"2600 block of North 37th St",2,0,0,0,0,N/A
2141201,"October 14, 2021",Illinois,Chatham,"300 block of Wintergreen Dr",1,0,0,0,0,N/A
2138796,"October 12, 2021",Mississippi,Clarksdale,"State St and DeSoto Ave",1,1,0,0,3,N/A
2139614,"October 12, 2021",Arkansas,Marion,"835 Blvd St Germaine",2,0,1,0,0,N/A
2142113,"October 11, 2021","South Carolina",Orangeburg,"Russell St",1,0,0,0,0,N/A
2136751,"October 9, 2021",Missouri,Independence,"1200 block of N Liberty St",1,0,0,0,0,N/A
2135002,"October 7, 2021",Florida,Jacksonville,"7000 block of Linda Dr",1,0,0,0,0,N/A
2133237,"October 4, 2021",Arizona,Phoenix,"N 83rd Ave and W Thomas Rd",2,0,0,0,1,N/A
2131147,"October 2, 2021",Wisconsin,Milwaukee,"N Sherman Blvd and Burleigh St",1,1,0,0,1,N/A
2131435,"October 2, 2021",Alabama,Auburn,"1330 Shug Jordan Pkwy",1,0,0,0,1,N/A
2130050,"October 1, 2021",Tennessee,Columbia,"1200 block of Double Branch Rd",3,0,0,0,1,N/A
2128369,"September 28, 2021",Wisconsin,"Madison (Fitchburg)","5100 block of Curry Ct",1,0,0,0,1,N/A
2127071,"September 27, 2021",Illinois,Markham,"W 157th St and Homan Ave",1,0,0,0,0,N/A
2126825,"September 27, 2021",Arizona,Phoenix,"4437 S 8th Place",1,1,0,0,1,N/A
2126212,"September 26, 2021",Virginia,Norfolk,"200 block of W Balview Ave",2,0,1,0,0,N/A
2123099,"September 22, 2021",Texas,Waco,"1725 N Martin Luther King Blvd",1,0,0,0,0,N/A
2122606,"September 20, 2021","South Dakota","Rapid City","840 N Spruce St",1,0,1,0,0,N/A
2118593,"September 17, 2021",Kansas,Lawrence,"1500 block of Wedgewood Dr",1,0,0,0,1,N/A
2117926,"September 15, 2021",Arkansas,"Little Rock","1800 block of Nichols Rd",2,0,0,0,1,N/A
2113166,"September 10, 2021",Georgia,Macon,"3401 Houston Ave",1,0,0,0,0,N/A
2117048,"September 9, 2021",Illinois,Polo,"300 block of Franklin Rd",1,0,0,0,0,N/A
2110143,"September 7, 2021",Ohio,"Avon Lake","32558 English Turn",3,0,1,0,0,N/A
2110670,"September 7, 2021","North Carolina",Charlotte,"2419 Richard Rozzelle Dr",1,1,0,0,3,N/A
2108302,"September 5, 2021",Florida,Lakeland,"N Socrum Loop Rd and Fulton Green Rd",4,1,0,1,1,N/A
2108414,"September 5, 2021",Texas,Houston,"7518 Imogene St",4,0,1,0,0,N/A
2110599,"September 5, 2021",Illinois,"East Saint Louis","1328 N 44th St",1,0,0,0,0,N/A
2107489,"September 3, 2021",Illinois,Chicago,"6500 block of S Ellis Ave",1,0,0,0,0,N/A
2107882,"September 3, 2021","North Carolina","Winston Salem (Winston-salem)","100 Block of Martindale Rd",1,0,0,0,1,N/A
3072304,"September 1, 2021",California,"Yuba City",N/A,1,0,0,0,0,N/A
2106351,"September 1, 2021",Michigan,Lowell,"11000 block of Barnsley Rd",1,0,1,0,0,N/A
2105787,"September 1, 2021",Kentucky,Louisville,"5504 Ailanthus Trail",1,0,0,0,0,N/A
2107176,"September 1, 2021",Michigan,Roseville,"20000 block of Twelve Mile Rd",1,0,0,0,0,N/A
2104404,"August 29, 2021","New Jersey",Newark,"100 block of Schuyler Ave",1,0,0,0,0,N/A
2102082,"August 27, 2021",Pennsylvania,"Sharon Hill","300 Calcon Hook Rd",1,4,0,0,5,N/A
2101258,"August 27, 2021",Indiana,Elkhart,"500 block of W High St",1,0,1,0,0,N/A
2101870,"August 27, 2021",Tennessee,Memphis,"3513 Boxtown Rd",1,0,0,0,0,N/A
2101524,"August 27, 2021",Tennessee,Memphis,"1300 block of Timothy Dr",1,0,0,0,1,N/A
2101044,"August 26, 2021",Mississippi,Canton,"Franklin St and Canal St",2,1,0,0,0,N/A
2099712,"August 24, 2021","New Mexico",Clovis,"1051 NM-311",1,0,0,0,0,N/A
2099265,"August 24, 2021",Maryland,"Hyattsville (Landover)","1600 block of Brightseat Rd",1,0,0,0,3,N/A
2100249,"August 24, 2021",Louisiana,Arcadia,N/A,1,0,0,0,0,N/A
2098065,"August 23, 2021","West Virginia",Charleston,"3006 Elkdale Dr",2,1,1,0,0,N/A
2098732,"August 23, 2021",Georgia,Albany,"2500 block of Hilltop Dr",1,0,0,0,0,N/A
2097864,"August 22, 2021",Florida,Tampa,"Hillsborough Ave and N 43rd St",1,0,0,0,5,N/A
2096154,"August 20, 2021",Ohio,Toledo,"300 block of Austin St",1,1,0,0,2,N/A
2094071,"August 18, 2021",Ohio,Youngstown,"619 Samuel Ave",2,4,0,0,0,N/A
2091746,"August 15, 2021",Illinois,Chicago,"6200 block of W Grand Ave",1,1,0,0,1,N/A
2091828,"August 15, 2021",Kentucky,Louisville,"13000 block of Lyons Ave",2,0,0,0,2,N/A
2091125,"August 14, 2021",Texas,Portland,"2111 Escondido St",2,0,1,0,0,N/A
2089933,"August 13, 2021",Minnesota,Bena,N/A,1,0,0,0,0,N/A
2089279,"August 12, 2021",Michigan,Interlochen,"394 Bendon Rd",1,0,0,0,1,N/A
2089411,"August 11, 2021",Missouri,"Saint Louis","4246 Pleasant St",2,0,0,0,1,N/A
2086329,"August 8, 2021",Georgia,Albany,"1500 block of W Gordon Ave",1,0,0,0,0,N/A
2086012,"August 7, 2021",Mississippi,Meridian,"19th St and Old Marion Rd",1,0,0,0,4,N/A
2084089,"August 6, 2021",Alabama,Harvest,"281 Blue Creek Dr",1,0,1,0,0,N/A
2083541,"August 5, 2021",Illinois,Chicago,"6400 block of S Carpenter Ave",1,0,0,0,0,N/A
2082997,"August 4, 2021",Ohio,Dayton,"1000 block of Randolph St",1,0,0,0,0,N/A
2081842,"August 3, 2021",Texas,Groveton,N/A,1,0,0,0,0,N/A
2081610,"August 2, 2021",Louisiana,"Baton Rouge","7500 block of Glenetta Ct",1,0,0,0,1,N/A
2081131,"August 2, 2021","South Carolina",Greenwood,"101 Heddy Rd",3,1,0,0,1,N/A
2081603,"August 2, 2021",Michigan,Mancelona,N/A,1,0,0,0,0,N/A
2081118,"August 2, 2021",Virginia,Roanoke,"1644 Queen Ann Dr SE",1,0,0,0,0,N/A
2081494,"August 1, 2021",Utah,Smithfield,N/A,1,0,0,0,0,N/A
2081354,"August 1, 2021",Missouri,Independence,"200 block of E Walnut St",1,0,0,0,0,N/A
2080140,"August 1, 2021",Wisconsin,Milwaukee,"1307 S 9th St",1,0,0,0,0,N/A
2079064,"July 31, 2021",Ohio,Columbus,"2119 Via Da Vinci Ct",1,0,0,0,0,N/A
2082874,"July 30, 2021",Oklahoma,Calera,"5251 Choctaw Rd",2,0,1,0,0,N/A
2077517,"July 28, 2021",Louisiana,Minden,"700 block of Plum St",1,0,0,0,0,N/A
2075277,"July 25, 2021","North Carolina","High Point","800 block of Worth St",1,0,0,0,0,N/A
2074453,"July 24, 2021",Mississippi,Amory,N/A,1,0,0,0,0,N/A
2068988,"July 20, 2021",Alabama,Birmingham,"1800 block of Carson Rd",1,0,0,0,2,N/A
2069325,"July 20, 2021",Ohio,Columbus,"1545 Sarin St",1,1,0,0,1,N/A
2067698,"July 18, 2021",Tennessee,Westmoreland,"Fairfield Rd",1,0,0,0,0,N/A
2066102,"July 17, 2021",Alabama,Montgomery,N/A,1,0,0,0,1,N/A
2067771,"July 17, 2021",Mississippi,Hickory,MS-503,1,0,0,0,0,N/A
2066927,"July 17, 2021",California,Arvin,"N Hill St",1,2,0,0,1,N/A
2159198,"July 16, 2021",Tennessee,Memphis,"Ridgeway Rd",1,0,0,0,0,N/A
2064992,"July 16, 2021","District of Columbia",Washington,"2900 block of MLK Ave SE",1,5,0,0,1,N/A
2062831,"July 13, 2021",Ohio,"Maple Heights","19700 block of Maple Heights Blvd",1,0,0,0,0,N/A
2061324,"July 12, 2021",Tennessee,Memphis,"5587 Berryman Dr",1,0,0,0,0,N/A
2058232,"July 9, 2021",Oklahoma,Sayre,"100 block of W Main St",1,0,0,0,0,N/A
2059286,"July 9, 2021",Utah,"Heber City","2790 N Commons Blvd",1,0,0,0,1,N/A
2057472,"July 8, 2021",Mississippi,Jackson,"Coronet Pl and Cummins St",1,0,0,0,0,N/A
2209052,"July 7, 2021",Tennessee,Memphis,"7600 block of Nash Dr",1,0,0,0,0,N/A
2055773,"July 7, 2021",Illinois,Chicago,"S Corliss Ave and E 32nd St",1,0,0,0,0,N/A
2055926,"July 7, 2021",Tennessee,Goodlettsville,"100 block of Elizabeth Ct",1,0,0,0,0,N/A
2055057,"July 6, 2021",Virginia,Halifax,"5100 block of Halifax Rd",1,0,0,0,0,N/A
2055374,"July 6, 2021",Colorado,"Manitou Springs","141 Manitou Ave",1,0,0,0,0,N/A
2055252,"July 5, 2021","New York",Buffalo,"50 block of Donovan Dr",1,3,0,0,2,N/A
2055388,"July 5, 2021",Indiana,Lafayette,"3055 Mount Ct",2,0,0,0,1,N/A
2055317,"July 5, 2021",Iowa,Algona,"418 S Harlan St",2,0,1,0,0,N/A
2053723,"July 4, 2021",Louisiana,Bastrop,"9000 block of Carbon Plant Rd",1,0,0,0,0,N/A
2053255,"July 4, 2021",Tennessee,Knoxville,"3900 block of Alma Ave",1,0,0,0,0,N/A
2054024,"July 4, 2021","New Jersey",Vineland,"700 block of W Earl Dr",1,0,0,0,3,N/A
2053324,"July 4, 2021",Tennessee,Memphis,"736 N Montgomery St",1,2,0,0,2,N/A
2051370,"July 1, 2021",Missouri,"West Plains","Co Rd 3010",1,0,0,0,0,N/A
2050397,"July 1, 2021",Pennsylvania,Philadelphia,"5500 block of Whitby Ave",1,0,0,0,0,N/A
2050257,"July 1, 2021",Ohio,Columbus,"462 S Eureka Ave",1,0,0,0,0,N/A
2050433,"June 30, 2021",Missouri,"Saint Louis (Jennings)","5400 block of Hamilton Ave",1,0,0,0,1,N/A
2049845,"June 30, 2021",Texas,Houston,"12101 Fondren Rd",3,1,0,0,1,N/A
2048499,"June 29, 2021",Pennsylvania,Erie,"9656 Sampson Rd",2,0,1,0,0,N/A
2047696,"June 28, 2021","North Carolina",Statesville,"1309 Wilson Lee Blvd",1,1,0,0,4,N/A
2455380,"June 26, 2021",Vermont,Barre,"416 Beckley Hill Rd",1,0,0,0,0,N/A
2045972,"June 26, 2021",Pennsylvania,Philadelphia,"1400 block of W Pacific St",1,0,0,0,0,N/A
2045816,"June 26, 2021",California,Fresno,"Clinton Ave and Crystal Ave",1,0,0,0,0,N/A
2045604,"June 25, 2021",Illinois,Burbank,"8300 block of Laramie Ave",1,0,0,0,0,N/A
2044225,"June 24, 2021",Michigan,Kalamazoo,"1100 block of Lake St",1,0,0,0,0,N/A
2044288,"June 23, 2021",Mississippi,Columbus,"1500 block of 26th St N",2,0,0,0,1,N/A
2040793,"June 20, 2021",Ohio,Canton,"6817 Salerno St NW",3,0,1,0,0,N/A
2037930,"June 17, 2021",Michigan,Detroit,"I-75 and E McNichols Rd",1,1,0,0,2,N/A
2037995,"June 17, 2021",Maine,Temple,"15 Forest Hill Rd",1,0,0,0,0,N/A
2037226,"June 16, 2021","North Carolina",Whitsett,"700 block of Nellie Gray Pl",1,0,0,0,0,N/A
2035964,"June 15, 2021",Florida,Jacksonville,"10300 block of Allene Rd",1,0,0,0,0,N/A
2030484,"June 10, 2021",Florida,"Royal Palm Beach","1180 Royal Palm Beach Blvd",2,0,1,0,0,N/A
2030878,"June 9, 2021","South Carolina","Leesville (Batesburg-leesville)","700 block of Madera Rd",1,1,0,0,2,N/A
2029170,"June 8, 2021",Mississippi,Vicksburg,"Elizabeth Cir",1,0,0,0,1,N/A
2026297,"June 6, 2021",Mississippi,Biloxi,"2490 S Shore Dr",2,0,1,0,0,N/A
2025887,"June 5, 2021","New York","Corona (Queens)","342 Beach 45th St",1,1,0,0,2,N/A
2025297,"June 4, 2021",Texas,Dallas,"1400 block of Stardale Ln",1,0,0,0,0,N/A
2023091,"June 2, 2021",Mississippi,Canton,"117 S Hargon St",1,0,0,0,0,N/A
2022551,"June 2, 2021",Illinois,Joliet,"201 S Eastern Ave",1,0,0,0,0,N/A
2021247,"May 31, 2021",Louisiana,"Baton Rouge","2225 College Dr",3,0,0,0,2,N/A
2016491,"May 25, 2021",Mississippi,Greenwood,"Champagne St",1,1,0,0,0,N/A
2012104,"May 22, 2021",Tennessee,Memphis,"3327 N Watkins St",1,0,0,0,0,N/A
2010753,"May 21, 2021",California,Orange,"SR-55 and Chapman Ave",1,0,0,0,1,N/A
2013913,"May 21, 2021",Florida,"Fort Lauderdale","520 SE 5th Ave",1,0,1,0,0,N/A
2009257,"May 18, 2021",Ohio,Galion,N/A,1,0,0,0,0,N/A
2007416,"May 17, 2021",Minnesota,Minneapolis,"N 35th Ave and Penn Ave N",1,1,0,0,0,N/A
2006594,"May 17, 2021",Alabama,Maylene,"308 Goldilocks Ln",1,0,0,0,0,N/A
2007418,"May 17, 2021",Maryland,Bowie,"16501 Governor Bridge Rd",1,0,0,0,0,N/A
2006294,"May 16, 2021",Arizona,Tempe,"S Rural Rd and E Baseline Rd",1,0,0,0,0,N/A
2012739,"May 16, 2021",Indiana,Peru,"2934 S 300 W",3,0,0,0,1,N/A
2005217,"May 15, 2021",Minnesota,Minneapolis,"2200 block of Ilion Ave N",1,0,0,0,1,N/A
2003588,"May 13, 2021",Missouri,Union,"700 block of Star Circle",1,0,0,0,1,N/A
2000363,"May 9, 2021",Texas,"San Antonio","4000 block of W Commerce St",1,1,0,0,1,N/A
1999088,"May 8, 2021",Wisconsin,Milwaukee,"3214 W Michigan St",1,0,0,0,1,N/A
1997489,"May 7, 2021",Florida,Pensacola,"4101 W Navy Blvd",1,0,0,0,1,N/A
1998108,"May 7, 2021",Florida,Clewiston,"940 W Sugarland Hwy",1,1,0,0,0,N/A
1996148,"May 4, 2021",Pennsylvania,"East Stroudsburg","2000 block of Vista Cir",1,0,0,0,0,N/A
1994636,"May 4, 2021",Florida,Suwannee,"23556 SE 349 Hwy",2,0,1,0,0,N/A
1993617,"May 3, 2021",Louisiana,"Baton Rouge","2000 block of Richland St",3,0,1,0,0,N/A
1988688,"April 27, 2021",Virginia,Richmond,"4000 Midlothian Turnpike",2,3,0,0,5,N/A
1987006,"April 25, 2021",Florida,"Fort Myers","3513 Fowler St",1,0,0,1,0,N/A
1987864,"April 25, 2021",Florida,Springfield,"500 Block of N Everitt Ave",1,0,1,0,0,N/A
1987107,"April 25, 2021",Washington,"Federal Way","27900 block of Pacific Hwy S",1,0,0,0,1,N/A
1985586,"April 24, 2021",Ohio,"Cleveland (Brooklyn)","5110 Tiedeman Rd",1,0,0,1,1,N/A
1986025,"April 24, 2021",Florida,"North Miami Beach","NE 158th St and N Miami Ave",1,1,0,0,0,N/A
1987484,"April 23, 2021","North Carolina",Lenoir,"Pope Ln",1,1,0,1,0,N/A
1985026,"April 23, 2021",Oklahoma,Tulsa,"1051 E 61st St",1,0,1,0,0,N/A
1984492,"April 21, 2021","North Carolina",Hickory,"Tate Blvd SE and 19th St SE",1,1,0,0,1,N/A
1983449,"April 20, 2021",Kentucky,Louisville,"1200 block of Algonquin Pkwy",1,0,0,0,1,N/A
1981295,"April 18, 2021",Texas,"Fort Worth","1645 Lake Shore Dr",1,0,0,0,0,N/A
1981206,"April 18, 2021",Illinois,Chicago,"3200 W Roosevelt Rd",1,1,0,0,3,N/A
1980967,"April 18, 2021",Arkansas,"Van Buren","2011 Williams St",2,0,1,0,0,N/A
1982581,"April 17, 2021",Georgia,Lawrenceville,"225 Bethesda Church Rd",1,0,1,0,0,N/A
1978424,"April 14, 2021",Florida,"Palm Beach Gardens (Riviera Beach)","AC Evans St",1,1,0,0,0,N/A
1983219,"April 14, 2021",Arizona,Mesa,"E Brown Rd and N Ellsworth Rd",2,1,0,0,0,N/A
1977528,"April 13, 2021","North Carolina",Gastonia,"1200 block of Ware Ave",1,0,0,0,1,N/A
1977312,"April 13, 2021",Michigan,Lansing,"6342 Old River Trl",3,0,0,0,0,N/A
1975927,"April 12, 2021",Tennessee,Nashville,"25th Ave N and Dowlan St",1,2,0,1,2,N/A
1975019,"April 11, 2021","New York",Syracuse,"300 block of Grant Ave",1,2,0,0,2,N/A
1974999,"April 11, 2021",Texas,Dallas,"2827 S Buckner Blvd",1,0,0,0,0,N/A
1973985,"April 10, 2021",Connecticut,Hartford,"182 Nelson St",1,0,0,0,2,N/A
1972954,"April 9, 2021",Texas,Houston,"3130 Crestdale Dr",1,0,0,0,0,N/A
1972569,"April 8, 2021",Oklahoma,"Oklahoma City","NE 29th St and N Martin Luther King Ave",1,0,0,0,0,N/A
1972434,"April 7, 2021",Kentucky,Hopkinsville,"Prosperity Ln",1,0,0,0,0,N/A
1971171,"April 7, 2021",Louisiana,Baker,"4400 block of Breckenridge Dr",1,0,0,0,0,N/A
1971410,"April 7, 2021","South Carolina","Rock Hill","4456 Marshall Rd",6,0,1,0,0,N/A
1968810,"April 3, 2021",Tennessee,Memphis,"1000 block of W Lexington Cir",1,0,0,0,1,N/A
1967953,"April 3, 2021",Kentucky,Louisville,"4000 block of Parthenia Ave",1,0,0,0,0,N/A
1967420,"April 1, 2021","West Virginia",Moorefield,"506 Winchester Ave",2,0,1,0,0,N/A
1966989,"March 31, 2021","North Carolina",Greenville,"1100 block of Van Dyke St",1,0,0,0,0,N/A
1966181,"March 31, 2021",California,Orange,"202 West Lincoln Ave",4,1,0,1,1,N/A
1962699,"March 26, 2021",Pennsylvania,Monroeville,"120 Cambridge Square Dr",1,0,0,0,0,N/A
1962820,"March 26, 2021",Ohio,Columbiana,"300 block of Quincy Ave",1,0,0,0,0,N/A
1962395,"March 26, 2021",Pennsylvania,Philadelphia,"1500 block of Mckinley St",1,1,0,0,1,N/A
1959738,"March 22, 2021",Missouri,"Elk Creek","Nagle Dr",1,0,0,0,0,N/A
1959609,"March 22, 2021",Louisiana,Houma,"9100 block of Main St",1,0,0,0,1,N/A
1958476,"March 21, 2021",Minnesota,Moorhead,"400 block of Sunrise Cir",1,0,0,0,1,N/A
1957701,"March 20, 2021",Louisiana,Shreveport,"4911 Monkhouse Dr",1,1,0,0,1,N/A
1956693,"March 19, 2021",Texas,Pasadena,"3635 Shaver St",1,0,0,0,1,N/A
1954467,"March 16, 2021",Virginia,Richmond,"3700 block of Angela Dr",1,0,0,0,0,N/A
1952161,"March 13, 2021",Indiana,Indianapolis,"300 block of N Randolph St",4,1,0,0,1,N/A
1952125,"March 13, 2021",Arkansas,"Little Rock","2000 Boyle Park Rd",1,1,0,0,1,N/A
1947503,"March 7, 2021",Missouri,"Saint Louis","1001 Hickory Pl",1,0,0,0,1,N/A
1946173,"March 6, 2021",Ohio,Nelsonville,"Walnut St",1,0,0,0,1,N/A
1947131,"March 6, 2021","New Mexico","Los Lunas","W Brazaro and Carmel Rd",1,0,0,0,3,N/A
1945218,"March 4, 2021",Missouri,Florissant,"4855 Lockwig Trl",3,0,1,0,0,N/A
1942559,"March 1, 2021",Illinois,Chicago,"100 block of W 127th St",1,1,0,0,0,N/A
1942812,"March 1, 2021",Georgia,Bishop,"1200 Block of Riverwalk Rd",1,1,0,0,1,N/A
1945763,"March 1, 2021",Missouri,Warsaw,US-65,2,0,1,0,0,N/A
1940665,"February 27, 2021",Washington,Othello,"300 block of Hamlet St",1,0,0,0,1,N/A
1943056,"February 26, 2021",Texas,"El Paso","1925 Detroit Ave",1,0,0,0,0,N/A
1936985,"February 23, 2021",Tennessee,"Grand Junction","Pearl Rd",1,0,0,0,1,N/A
1937741,"February 23, 2021",Texas,Mission,"La Homa Rd and Valencia Ave",1,0,0,0,4,N/A
1938338,"February 23, 2021",Michigan,"Luce (county)",N/A,1,0,0,0,1,N/A
1936994,"February 22, 2021",Washington,Lakewood,"8600 block of Steilacoom Blvd SW",1,0,0,0,0,N/A
1932457,"February 17, 2021",Arizona,"Sierra Vista","1201 Colombo Ave",2,0,1,0,0,N/A
1931897,"February 17, 2021",Tennessee,Clarksville,"3400 block of Pembroke Rd",1,0,0,0,1,N/A
1929167,"February 14, 2021",Georgia,Austell,"900 block of Peel Castle Ln",2,0,0,1,0,N/A
1929156,"February 14, 2021",Georgia,Macon,"204 Chambers Cove Dr",1,0,0,0,1,N/A
1928896,"February 13, 2021",Alabama,Tuskegee,"508 Pleasant Springs Dr",1,0,0,0,3,N/A
1923224,"February 6, 2021","North Carolina",Hollister,"Bobolink Trl",1,0,0,0,0,N/A
1922815,"February 6, 2021",Montana,"Saint Regis","21 Upper 7 Mile Rd",2,0,1,0,0,N/A
1921562,"February 5, 2021",Ohio,Toledo,"909 Byrneport Dr",2,1,0,0,1,N/A
1920656,"February 4, 2021",Alabama,Birmingham,"2900 block of John Bryan Rd SW",1,1,0,0,1,N/A
1919901,"February 4, 2021",Missouri,"Saint Louis","4126 S Grand Blvd",3,0,0,0,1,N/A
1920755,"February 3, 2021",Pennsylvania,"Kingston (Edwardsville)","Tobin Ln and Francis St",1,0,0,0,0,N/A
1920639,"February 3, 2021",Louisiana,Shreveport,"700 block of Bernice Cir",1,0,0,0,0,N/A
1918569,"February 2, 2021",Kentucky,Louisville,"3900 block of Bells Ln",2,1,0,0,0,N/A
1917909,"February 2, 2021",Oklahoma,Muskogee,"903 Indiana St",6,1,0,0,1,N/A
1915898,"January 30, 2021",Minnesota,"Saint Paul","761 Jessie St",3,0,0,0,1,N/A
1915359,"January 29, 2021",Mississippi,Ellisville,"400 block of New Hope Road",1,0,0,0,0,N/A
1915391,"January 29, 2021",Georgia,Macon,"2336 Ballard Dr",1,0,0,0,0,N/A
1911043,"January 24, 2021",Missouri,"Saint Louis","4000 block of Laclede Ave",2,0,0,0,1,N/A
1910790,"January 24, 2021",Pennsylvania,"West Chester","118 Mountain View Dr",3,0,1,0,0,N/A
1914168,"January 23, 2021",Colorado,Alamosa,"County Rd 3 S and Truman Ave",2,0,1,0,0,N/A
1908867,"January 22, 2021",Michigan,Owosso,"1400 block of Cleveland St",1,0,0,0,0,N/A
1907357,"January 20, 2021",Pennsylvania,Philadelphia,"2300 block of N Bouvier St",1,0,0,0,0,N/A
1906654,"January 20, 2021",Michigan,Detroit,"2420 block of Sturtevant St",1,0,0,0,0,N/A
1906006,"January 16, 2021",Missouri,Bridgeton,"12100 block of Nottingham Lane",1,0,1,0,0,N/A
1903960,"January 16, 2021",Florida,Miami,"NW 6th Pl and NW 54th St",1,2,0,0,1,N/A
1903678,"January 16, 2021",Louisiana,"Saint Rose","300 block of Mockingbird Ln",1,0,0,0,0,N/A
1901845,"January 13, 2021",Colorado,Denver,"1767 S Logan St",2,0,1,0,0,N/A
1901979,"January 13, 2021",California,"San Francisco","3835 Scott St",1,0,1,0,0,N/A
1900866,"January 5, 2021",Wisconsin,Albany,N/A,1,0,0,0,1,N/A
1895241,"January 4, 2021",Tennessee,Memphis,"2240 Howell Ave",1,0,0,0,1,N/A
1894240,"January 3, 2021",Michigan,Southfield,"25701 W 12 Mile Rd",1,0,0,0,1,N/A
1894934,"January 3, 2021",Missouri,Sedalia,"125 E Boonville St",1,0,0,0,0,N/A
1892698,"January 1, 2021",Ohio,Columbus,"885 Danwood Dr",2,0,1,0,0,N/A
1892088,"January 1, 2021",Texas,Arlington,"700 block of Washington Dr",1,0,0,0,1,N/A
1887179,"December 26, 2020",Michigan,Flint,"600 block of E Pulaski Ave",2,0,0,0,2,N/A
1886721,"December 25, 2020",Arkansas,Atkins,"5180 Pine Ridge Rd",4,0,1,0,0,N/A
1886948,"December 25, 2020",Missouri,"Saint Louis (Spanish Lake)","1500 block of Lakeside Ln",2,0,0,0,0,N/A
1885378,"December 23, 2020",Minnesota,"Saint Paul","850 Rice St",1,0,0,0,1,N/A
1883967,"December 22, 2020",Virginia,Portsmouth,"Portsmouth Blvd and Truxton Ave",1,1,0,0,3,N/A
1883818,"December 21, 2020",Georgia,Atlanta,"3440 Peachtree Rd",1,0,0,0,1,N/A
1882311,"December 20, 2020",Kentucky,Mayfield,"198 Smiths Ln",3,0,1,0,0,N/A
1881791,"December 19, 2020",Arizona,Tucson,"10997 E Palmetto Pointe Trl",1,0,1,0,0,N/A
1880054,"December 17, 2020",Texas,"New Braunfels","504 Wilderness Way",1,1,1,0,0,N/A
1879827,"December 16, 2020",Nevada,"Las Vegas","1300 block of S Arlington St",1,0,0,0,1,N/A
1878745,"December 15, 2020",Indiana,Fairmount,"1500 block of N Main St",1,0,0,0,0,N/A
1879707,"December 15, 2020",Idaho,Castleford,N/A,1,0,0,0,0,N/A
1878564,"December 15, 2020",Michigan,Canton,"41000 block of Old Michigan Ave",1,0,0,0,1,N/A
1877224,"December 14, 2020",Florida,Cocoa,"1671 Owosso St",1,0,0,0,1,N/A
1878031,"December 14, 2020",Utah,Vernal,"W Red Cloud Loop Rd",1,0,0,1,1,N/A
1876727,"December 13, 2020","West Virginia",Elkview,"1384 Cemetery Hill Dr",4,0,0,0,1,N/A
1876057,"December 11, 2020","North Carolina",Conover,"Woodleaf Ct",1,0,0,0,0,N/A
1876009,"December 11, 2020",Tennessee,Bethpage,"1123B Smith Thompson Rd",2,0,1,0,0,N/A
1874575,"December 10, 2020",Arkansas,"Little Rock","33 Falcon Ct",1,0,0,0,0,N/A
1908063,"December 8, 2020","West Virginia",Williamsburg,"611 Flynns Creek Rd",5,0,1,0,0,N/A
1877996,"December 7, 2020",Missouri,Cadet,"11928 Arnault Branch Rd",2,0,0,0,1,N/A
1869439,"December 4, 2020",Georgia,Lithonia,"1800 block of Madras Ct",1,0,0,0,0,N/A
1869767,"December 4, 2020",Florida,Gainesville,"2900 block of NE 17th Dr",2,0,0,0,1,N/A
1868753,"December 2, 2020",Pennsylvania,Levittown,"1970 Veteran Hwy",1,0,0,0,1,N/A
1867748,"December 2, 2020",California,Woodbridge,"330 Sterling St",1,0,0,0,0,N/A
1867713,"December 2, 2020","District of Columbia",Washington,"5700 block of Southern Ave SE",1,0,0,0,0,N/A
1866100,"November 30, 2020",Alaska,Palmer,"335 N Valley Way",4,0,0,0,1,N/A
1864949,"November 29, 2020",California,Roseville,"1500 block of Eureka Rd",1,0,1,0,0,N/A
1897353,"November 29, 2020",Nevada,"Las Vegas","6253 Mythic Atlantis Ave",1,0,0,0,0,N/A
1862126,"November 25, 2020",Kansas,"Garden City","1307 N 12th St",1,1,0,0,1,N/A
1861379,"November 24, 2020",Texas,Forney,"2100 block of Juniper Dr",1,1,0,0,1,N/A
1859134,"November 22, 2020",Tennessee,Memphis,"5261 Shelborne Cir",1,0,0,0,1,N/A
1856995,"November 20, 2020",Virginia,Marion,"117 Harley Rd",3,0,1,0,0,N/A
1855833,"November 18, 2020",Nevada,Elko,N/A,1,0,0,0,0,N/A
1855978,"November 18, 2020",Texas,Texarkana,"600 block of Warren Thomas Rd",1,0,0,0,0,N/A
1855008,"November 18, 2020",Missouri,"Saint Louis","4090 Quincy St",1,0,1,0,0,N/A
1854510,"November 17, 2020",Tennessee,"Johnson City","121 Blevins Rd",1,0,0,0,3,N/A
1851904,"November 14, 2020","South Carolina","North Charleston","2155 Morris Baker Blvd",1,0,0,0,2,N/A
1852963,"November 13, 2020",Minnesota,"Saint Cloud","800 block of 10th Ave N",1,0,0,0,1,N/A
1850685,"November 11, 2020","North Carolina",Candor,N/A,1,0,0,0,0,N/A
1847063,"November 6, 2020",Georgia,"Atlanta (East Point)","Bell Ave",1,0,0,0,0,N/A
1839242,"October 30, 2020",Michigan,Detroit,"15800 block of Kentucky Ave",1,0,0,0,0,N/A
1838373,"October 30, 2020","North Carolina",Concord,"1080 Ramsgate Dr SW",1,0,0,0,0,N/A
1837957,"October 28, 2020",Michigan,Detroit,"3900 block of Bedford St",1,0,0,0,2,N/A
1837291,"October 27, 2020",Mississippi,Roxie,"Whiteapple Rd",1,1,0,0,0,N/A
1835907,"October 26, 2020",Texas,Houston,"2525 Old Farm Rd",2,0,0,0,2,N/A
1835068,"October 25, 2020",Nebraska,Valparaiso,"NW 98th St and W Davey Rd",1,0,0,0,0,N/A
1834122,"October 25, 2020",Kentucky,Louisville,"2000 block of W Main St",1,0,0,0,0,N/A
1834097,"October 24, 2020",Texas,Porter,"23000 block of Owens Rd",1,0,0,0,0,N/A
1835074,"October 23, 2020",Washington,Bellingham,"10 Sunflower Cir",2,0,1,0,0,N/A
1832062,"October 22, 2020",Indiana,"East Chicago","4522 Magoun Ave",1,0,0,0,0,N/A
1832871,"October 22, 2020",Michigan,Flint,"1600 block of Oklahoma Ave",1,0,0,0,4,N/A
1831662,"October 22, 2020",California,Merced,"26th St and Hawthorne Ave",1,0,0,0,1,N/A
1830214,"October 20, 2020","New Jersey",Trenton,"200 block of Mulberry St",2,0,0,0,2,N/A
1827998,"October 17, 2020",Arkansas,Helena,"409 N 2nd St",1,0,0,0,1,N/A
1826655,"October 16, 2020",Arizona,Mesa,"2115 Guadalupe Rd",1,6,0,0,3,N/A
1825873,"October 15, 2020",Maryland,"Bel Air","608 High Plain Dr",1,0,1,0,0,N/A
1825036,"October 15, 2020",Illinois,Rockford,"800 block of N Court St",1,0,0,0,1,N/A
1825333,"October 15, 2020",Louisiana,"Baton Rouge","3637 Osceola St",1,2,0,0,1,N/A
1824115,"October 14, 2020",Kentucky,Vicco,"601 Montgomery Creek Rd",1,1,0,0,1,N/A
1824291,"October 14, 2020",Ohio,Republic,"5508 N TR 175",1,0,0,0,0,N/A
1822715,"October 12, 2020",Florida,Tampa,"4000 Block of Dreisler St",1,0,0,0,0,N/A
1819955,"October 10, 2020",Missouri,"Saint Louis (Jennings)","8800 block of Shannon Fox Cir",2,2,0,0,1,N/A
1819464,"October 9, 2020",Oregon,"Beaverton (Aloha)","7100 block of SW Millennium Ter",1,0,0,0,0,N/A
1820233,"October 9, 2020",Texas,Houston,"6229 Almeda Genoa Rd",1,1,1,0,0,N/A
1817371,"October 7, 2020",Illinois,Chicago,"1500 block of N Lorel Ave",1,0,0,0,0,N/A
1813583,"October 3, 2020",California,Sacramento,"Roanoke Ave and Haywood St",1,3,0,0,1,N/A
1811676,"October 1, 2020",Louisiana,Geismar,"36471 LA-74",1,0,0,0,0,N/A
1811297,"September 30, 2020",Michigan,Warren,"2000 block of Otis Ave",3,0,0,0,1,N/A
1808521,"September 28, 2020",Oregon,Salem,"244 Juneva Place SE",2,1,1,0,0,N/A
1808867,"September 28, 2020","South Carolina",Conway,"1600 block of Suggs St",2,0,0,0,0,N/A
1802527,"September 22, 2020",Florida,"Orlando (Pine Hills)","4000 block of Drexel Ave",1,0,0,0,0,N/A
1800886,"September 21, 2020",Ohio,Struthers,"111 Perry St",1,3,0,1,3,N/A
1801367,"September 21, 2020",Missouri,"Kansas City","2900 block of E 33rd St",1,2,0,0,0,N/A
1799548,"September 18, 2020",Ohio,Cincinnati,"1100 block of Hempstead Dr",1,0,0,0,0,N/A
1797170,"September 16, 2020","North Carolina",Fayetteville,"600 block of Mosswood Ln",1,0,0,0,0,N/A
1796458,"September 15, 2020",Tennessee,Clarksville,"25 Lincoln Dr",1,0,0,0,0,N/A
1795792,"September 14, 2020",Ohio,Canton,"500 block of 19th St NW",1,0,0,0,1,N/A
1794494,"September 13, 2020","New York",Troy,"2266 Old Sixth Ave",1,0,0,0,1,N/A
1794861,"September 13, 2020",Michigan,"Algonac (Clay Township)","6300 block of Benoit Rd",1,1,0,0,1,N/A
1792298,"September 10, 2020",Ohio,Akron,"1200 block of Copley Rd",1,1,0,0,2,N/A
1790483,"September 9, 2020","North Carolina",Charlotte,"6000 block of Elgywood Lane",1,0,0,0,1,N/A
1787827,"September 7, 2020",Illinois,Chicago,"W 47th St and S Union Ave",1,2,0,0,0,N/A
1788118,"September 6, 2020",Mississippi,Meridian,N/A,1,0,0,0,0,N/A
1785603,"September 4, 2020",Louisiana,"Baton Rouge","500 block of S Flannery Rd",1,0,0,0,0,N/A
1789848,"September 3, 2020",Georgia,Tifton,"Mosely Ave",1,0,0,0,0,N/A
1784683,"September 3, 2020","North Carolina","Lexington (Yadkin)","Brookstone Cir",1,0,0,0,0,N/A
1779064,"August 29, 2020",Virginia,"Virginia Beach","1600 Chase Arbor Common",1,0,0,0,1,N/A
1779307,"August 29, 2020",Indiana,"South Bend","800 block of E Donald St",1,0,0,0,1,N/A
1778536,"August 28, 2020",Indiana,Evansville,"3900 block of Vista Dr",1,0,0,0,1,N/A
1778159,"August 27, 2020",Texas,"San Marcos","929 Boulder Bluff",2,0,1,0,0,N/A
1784391,"August 24, 2020",Illinois,"Glendale Heights","170 S Waters Edge Dr",2,0,0,0,0,N/A
1774108,"August 24, 2020",Pennsylvania,Pittsburgh,"125 Rhine Pl",1,0,0,0,3,N/A
1817395,"August 19, 2020",Colorado,Aurora,"16200 block of E 17th Ave",1,0,0,0,1,N/A
1765758,"August 16, 2020",Indiana,"South Bend","1100 block of Rose St",1,0,0,0,1,N/A
1765381,"August 15, 2020",Texas,"San Antonio","5430 Walzem Rd",1,1,0,0,1,N/A
1765851,"August 15, 2020","North Carolina",Charlotte,"5350 Reagan Dr",1,0,0,0,1,N/A
1764429,"August 14, 2020",Kentucky,Louisville,"3700 block of Kahlert Ave",2,0,0,0,2,N/A
1764564,"August 14, 2020",Ohio,Akron,"700 block of Roselle Ave",1,1,0,0,4,N/A
1763466,"August 13, 2020",Minnesota,"Minneapolis (Brooklyn Park)","5805 73rd Ave N",1,0,0,0,0,N/A
1762990,"August 12, 2020",Ohio,Columbus,"332  N Monroe Ave",1,0,0,0,1,N/A
1761914,"August 11, 2020",Wisconsin,Madison,"E Washington Ave and Lexington Ave",1,0,0,0,3,N/A
1760884,"August 10, 2020",Florida,"Fort Lauderdale (Davie)","SW 18th Ct",1,0,1,0,0,N/A
1759828,"August 9, 2020","North Carolina",Wilson,"5100 block of Archers Rd",1,0,0,0,1,N/A
1760877,"August 9, 2020",Missouri,"Saint Joseph","2001 Messanie St",1,2,0,0,3,N/A
1760195,"August 9, 2020",Texas,Longview,"200 block of Whatley Rd",1,0,0,0,0,N/A
1757373,"August 6, 2020",Connecticut,"New Haven","630 Howard Ave",1,0,0,0,0,N/A
1757205,"August 6, 2020","South Carolina",Summerville,"100 Block of Langley Dr",1,0,0,0,0,N/A
1955245,"August 4, 2020",Texas,Livingston,N/A,1,0,0,0,0,N/A
1755718,"August 4, 2020",Michigan,Saginaw,"3000 Birch Park Dr",1,0,0,0,0,N/A
1754120,"August 3, 2020",Arkansas,"Little Rock","600 Hardin Rd",1,0,0,0,0,N/A
1753878,"August 2, 2020",Ohio,Akron,"1200 block of 5th Ave",1,2,0,0,1,N/A
1752497,"August 1, 2020",Florida,Pensacola,"600 block of N B St",1,0,0,0,0,N/A
1752828,"August 1, 2020",Pennsylvania,Philadelphia,"200 block of Simpson St",1,0,0,0,3,N/A
1751677,"July 31, 2020",Illinois,Chicago,"900 block of N Cambridge Ave",1,0,0,0,1,N/A
1750109,"July 29, 2020",Indiana,Hammond,"3300 block of Craig Dr",1,0,0,0,0,N/A
1749873,"July 29, 2020",Ohio,Elyria,"537 Willow Park Rd",4,0,1,0,0,N/A
1748401,"July 28, 2020",Georgia,Atlanta,"3310 W Manor Ln SW",1,0,0,0,0,N/A
1746160,"July 25, 2020",Florida,Miami,"2900 block of Northwest 51st St",1,3,0,0,2,N/A
1746308,"July 25, 2020","South Carolina",Graniteville,"Gentle Bend Ct",1,0,0,0,0,N/A
1745610,"July 24, 2020","North Carolina",Edenton,"US-17 and W Queen St",1,1,0,0,0,N/A
1744741,"July 23, 2020",Ohio,"Crown City","Double Creek Rd",1,0,0,0,1,N/A
1742859,"July 22, 2020",Michigan,Warren,"21516 Dequindre Rd",1,0,0,0,1,N/A
1743207,"July 22, 2020","South Carolina",Columbia,"80 Brighton Hill Rd",1,0,0,0,0,N/A
1742185,"July 22, 2020",Ohio,Canton,"1600 block of Clarendon Ave SW",1,1,0,0,1,N/A
1742026,"July 21, 2020",Wisconsin,Milwaukee,"6600 block of N 105th St",1,0,0,0,1,N/A
1740578,"July 20, 2020",Texas,Arlington,"4100 block of Maple Springs Dr",1,1,0,0,0,N/A
1737194,"July 16, 2020",Colorado,"Commerce City","7800 block of Jasmine Dr",1,0,0,0,0,N/A
1736040,"July 15, 2020",Missouri,"Saint Louis","5000 block of S Broadway",1,0,0,0,1,N/A
1735515,"July 14, 2020",Georgia,Rochelle,"151 C Alley Ave",1,0,0,0,0,N/A
1733720,"July 13, 2020",Louisiana,"New Orleans","2100 block of Pauger St",1,2,0,0,0,N/A
1732993,"July 12, 2020","New York",Brooklyn,"Madison St and Marcus Garvey Blvd",1,3,0,0,2,N/A
1733593,"July 12, 2020",Ohio,Lorain,"1900 block of W 21st St",1,2,0,0,0,N/A
1733626,"July 11, 2020",Tennessee,Bristol,"Meadow View Rd",1,0,0,0,0,N/A
1732494,"July 11, 2020",Ohio,"Cleveland (Cleveland Heights)","3900 block of Delmore Rd",1,0,1,0,0,N/A
2221904,"July 10, 2020",Iowa,Davenport,"700 block of Schmidt Rd",1,0,0,0,1,N/A
1729596,"July 8, 2020",Pennsylvania,Waynesboro,"Cleveland Ave",1,0,0,0,1,N/A
1726980,"July 6, 2020",Florida,"Port Saint Lucie","2500 block of Southeast Morningside Blvd",2,1,1,0,0,N/A
1726133,"July 5, 2020",Indiana,Avon,"1046 Preakness Dr",1,0,1,0,0,N/A
1725946,"July 5, 2020",Missouri,Columbia,"Volunteer Dr and Grace Ln",2,3,0,0,1,N/A
1725904,"July 5, 2020",Pennsylvania,Philadelphia,"4600 block of Kendrick St",1,0,0,0,0,N/A
1725743,"July 4, 2020",California,"San Francisco","1200 block of Ingalls St",1,1,0,0,2,N/A
1724958,"July 4, 2020","South Carolina","Galivants Ferry","7000 block of Millpond Rd",1,0,0,0,1,N/A
1725655,"July 4, 2020",Georgia,Atlanta,"1238 Pryor Rd",1,0,0,0,1,N/A
1724737,"July 4, 2020",Illinois,Chicago,"152 N Latrobe Ave",1,1,0,0,3,N/A
1726240,"July 4, 2020",Missouri,"Saint Louis","Pendleton Ave and W Page Blvd",1,0,0,0,0,N/A
1725006,"July 4, 2020","District of Columbia",Washington,"1400 block of Cedar St SE",1,0,0,0,4,N/A
1723897,"July 3, 2020",Alabama,"Birmingham (Hoover)","2000 Riverchase Galleria",1,3,0,0,3,N/A
1723184,"July 2, 2020",California,Delano,"2100 block of Oleander St",2,3,0,0,0,N/A
1723513,"July 2, 2020",Tennessee,Hendersonville,"3199 Long Hollow Pike",1,0,0,0,0,N/A
1722608,"July 2, 2020",Florida,"Fort Lauderdale","1500 block of NW Second Ave",1,0,0,0,0,N/A
1722094,"July 1, 2020",California,"Los Angeles","9200 block of Success Ave",2,0,1,0,0,N/A
1721720,"June 30, 2020",Florida,"Palm Bay","Washington St",1,0,0,0,1,N/A
1721372,"June 30, 2020","West Virginia",Elkview,"Deer Run Rd",1,0,0,0,0,N/A
1719759,"June 29, 2020",Missouri,"Kansas City","6135 Blue Hills Rd",1,0,0,0,1,N/A
1722137,"June 28, 2020",Michigan,"Mackinaw City","1027 S Huron Ave",1,0,1,0,0,N/A
1718981,"June 27, 2020",Illinois,Chicago,"3500 block of W Dickens Ave",1,0,0,0,0,N/A
1718359,"June 27, 2020",Illinois,Chicago,"W 60th St and S Halsted St",1,1,0,0,0,N/A
1718444,"June 26, 2020",Missouri,"Saint Louis (Berkeley)","Jefferson Ave and Airport Rd",1,0,0,0,1,N/A
1718645,"June 26, 2020","West Virginia",Cottageville,N/A,1,0,0,1,1,N/A
1719472,"June 26, 2020",Ohio,Springboro,"30 block of Royal Dr",1,0,0,0,0,N/A
1715967,"June 23, 2020",Colorado,Yoder,"7700 block of Edison Rd",1,0,0,0,1,N/A
1715341,"June 23, 2020","North Carolina","Forest City","Oak St and Harmon St",1,0,0,0,1,N/A
1712143,"June 20, 2020",Ohio,Lima,"1200 block of Virginia Ave",1,0,0,0,0,N/A
1711361,"June 20, 2020",Illinois,Chicago,"600 block of N Central",1,1,0,0,0,N/A
1709991,"June 19, 2020",Maryland,Baltimore,"200 block of Boswell Rd",2,0,0,0,1,N/A
1710198,"June 19, 2020",Virginia,"Hot Springs","Coles Mountain Rd",1,0,0,0,0,N/A
1708789,"June 18, 2020",Indiana,"South Bend","626 Leland Ave",1,0,0,0,0,N/A
1711149,"June 18, 2020",Texas,"El Paso","700 block of Ascension Rd",1,0,0,0,1,N/A
1708771,"June 17, 2020",Georgia,Atlanta,"2600 block of Fox Hall Ln S",1,0,0,0,0,N/A
1709551,"June 16, 2020",Minnesota,"Thief River Falls",N/A,1,0,0,0,0,N/A
1710260,"June 16, 2020",Texas,"Bay City","Frost Mo Ho Pk Rd",1,0,0,0,1,N/A
1706543,"June 15, 2020",Florida,Jacksonville,"127 East 43rd St",1,0,0,0,0,N/A
1705419,"June 14, 2020",Kansas,"Junction City","Clarks Creek Rd",1,0,0,0,0,N/A
1707257,"June 12, 2020",Washington,Vancouver,"10202 NW 20th Ave",1,0,1,0,0,N/A
1704036,"June 11, 2020",Mississippi,Woodville,"1119 Ford Creek Rd",1,0,0,0,4,N/A
1703018,"June 11, 2020",Louisiana,"Ruston (Woodville)","Fords Creek Rd",1,0,0,0,0,N/A
1703044,"June 11, 2020",Louisiana,Monroe,"1101 Richwood Road 2",5,0,1,0,0,N/A
1701717,"June 9, 2020","North Carolina",Burgaw,N/A,1,0,0,0,0,N/A
1698751,"June 6, 2020","New Mexico",Albuquerque,"7111 Acton Ct NW",1,0,0,0,0,N/A
1696520,"June 3, 2020",Utah,Kamas,"3800 UT-248",1,0,0,0,0,N/A
1695428,"June 2, 2020",Utah,"South Jordan","4329 W Pentenwell Lane",2,0,1,0,0,N/A
1695493,"June 1, 2020",Kentucky,Beattyville,"Fox Hollow Rd",1,0,0,0,0,N/A
1695756,"May 31, 2020","New Jersey","West Orange","3 Susan Ct",1,0,1,0,0,N/A
1690969,"May 27, 2020",Illinois,"Machesney Park","1121 Minns Dr",2,0,1,0,0,N/A
1691205,"May 27, 2020",Texas,Amarillo,"3900 block of Paradise Ave",1,0,0,0,0,N/A
1692873,"May 26, 2020",Pennsylvania,Lansford,"600 block of E Patterson St",3,0,0,0,0,N/A
1689331,"May 26, 2020",Pennsylvania,Philadelphia,"5900 block of N 20th St",1,0,0,0,0,N/A
1688194,"May 25, 2020",Texas,"San Antonio","1415 Avant Ave",1,0,0,0,0,N/A
1688148,"May 24, 2020",Alabama,Morris,"8005 Triple Creek Cir",1,0,0,0,0,N/A
1687907,"May 24, 2020",Pennsylvania,Lehighton,"100 block of Laurel Spring Rd",1,0,0,0,0,N/A
1695616,"May 24, 2020",Idaho,Kimberly,"200 block of Center St East",1,0,1,0,0,N/A
1684658,"May 21, 2020",Michigan,Detroit,"18611 Birwood St",1,0,0,0,0,N/A
1685002,"May 20, 2020",Texas,Salado,N/A,1,0,0,0,0,N/A
1684673,"May 20, 2020",Illinois,Peoria,"2300 block of N Maryland St",1,0,0,0,1,N/A
1682594,"May 18, 2020",Texas,Dallas,"511 Highcrest Dr",1,1,1,0,0,N/A
1682273,"May 17, 2020",California,"La Puente","N Hacienda Blvd and Amar Rd",1,0,0,0,0,N/A
1681915,"May 17, 2020",Ohio,Cincinnati,"4800 block of Hawaiian Ter",1,0,0,0,0,N/A
1682432,"May 17, 2020",Michigan,Flint,"2200 block of Cadillac St",1,0,0,0,0,N/A
1681557,"May 16, 2020",Georgia,White,"Chitwood Cove Rd",1,0,0,0,2,N/A
1679922,"May 14, 2020",Missouri,"Saint Louis","4000 block of Peck St",1,0,0,0,0,N/A
1678116,"May 12, 2020",Kentucky,Brodhead,"140 Castle Village Dr",1,0,1,0,0,N/A
1677391,"May 11, 2020",Louisiana,"New Orleans","2000 block of Lebouef St",2,1,0,0,2,N/A
1675912,"May 9, 2020",Florida,"Saint Petersburg","3738 18th Terrace S",1,0,0,0,0,N/A
1677135,"May 5, 2020","South Carolina","North Charleston","2664 Leeds Ave",1,0,1,0,0,N/A
1673119,"May 5, 2020",Texas,"La Porte","10200 block of Old Orchard Rd",1,0,0,0,0,N/A
1673111,"May 5, 2020",Arizona,Tucson,"800 block of W Roger Rd",1,0,0,0,0,N/A
3015778,"May 4, 2020","North Carolina",Gates,"74 Hunt Club Ln",1,0,0,0,0,N/A
1671655,"May 3, 2020",Kentucky,Elizabethtown,"1242 Woodland Dr",1,0,0,0,0,N/A
1670329,"May 1, 2020",Arkansas,"Little Rock","1 Karon Ct",1,0,1,0,0,N/A
1670035,"May 1, 2020",Alabama,Pinson,"9100 block of Cedar Mountain Rd",1,1,0,0,1,N/A
1669355,"April 29, 2020","South Carolina",Columbia,"100 block of Tarragon Dr",1,1,0,0,2,N/A
1669698,"April 28, 2020",Oregon,"Sweet Home","1530 Tamarack St",3,0,1,0,0,N/A
1666985,"April 27, 2020",Texas,"San Antonio","17655 Henderson Pass",3,0,1,0,0,N/A
1666794,"April 26, 2020",Arkansas,"Pine Bluff","1800 block of E 6th Ave",2,1,0,0,0,N/A
1665058,"April 23, 2020",Tennessee,Ooltewah,"8548 River Birch Loop",1,0,0,0,0,N/A
1664724,"April 23, 2020",Mississippi,Senatobia,"1000 block of N Crockett Rd",1,0,0,0,0,N/A
1663445,"April 21, 2020",Texas,Killeen,"4500 block of Alan Kent Dr",1,0,0,0,0,N/A
1663572,"April 21, 2020",Colorado,Westminster,"10700 block of Moore Circle",1,0,0,0,0,N/A
1663620,"April 20, 2020",Pennsylvania,Philadelphia,"2900 block of Secane Dr",1,0,0,0,3,N/A
1662254,"April 19, 2020",Missouri,"Poplar Bluff","100 block of Township Line Rd",2,0,0,0,0,N/A
1659966,"April 15, 2020",Mississippi,Jackson,"1200 block of Wood Village Dr",1,3,0,0,0,N/A
1659079,"April 14, 2020",Ohio,Springfield,"Clay St",1,0,0,0,0,N/A
1658745,"April 14, 2020","South Carolina","North Charleston","2600 block of Leeds Ave",1,0,1,0,0,N/A
1665283,"April 12, 2020",Georgia,"Savannah (Garden City)","Second St",1,0,0,0,2,N/A
1657394,"April 11, 2020",Georgia,Conley,"1600 Block of Lamont Ave",1,1,0,0,1,N/A
1657017,"April 11, 2020",Tennessee,Memphis,"820 Par Ave",1,0,0,0,2,N/A
1656234,"April 10, 2020",Florida,"Spring Hill","9474 Dunkirk Rd",2,0,1,0,0,N/A
1656322,"April 10, 2020",Virginia,Roanoke,"1606 Chapman Ave SW",1,1,0,0,0,N/A
1659684,"April 9, 2020",Ohio,"Middle Point","301 E Lewis St",1,0,0,0,0,N/A
1655206,"April 8, 2020","South Carolina","Rock Hill","1420 Yorkdale Dr",2,0,1,0,0,N/A
1653288,"April 6, 2020",Florida,Jacksonville,"10300 Block of Monaco Dr",1,0,0,0,5,N/A
1653122,"April 6, 2020",Mississippi,Jackson,"1390 Forest Ave",1,0,0,0,3,N/A
1652874,"April 5, 2020",Pennsylvania,Chester,"2600 block of Swarts St",1,0,0,0,0,N/A
1651946,"April 4, 2020",Texas,"San Antonio","9600 block of Forks Dr",1,2,0,0,1,N/A
1650388,"April 2, 2020",Florida,"Daytona Beach","178 Center St",1,1,0,0,1,N/A
1651203,"April 2, 2020",Illinois,Thornton,"Blackhawk Dr and Chicago Rd",1,0,0,0,0,N/A
1649813,"March 31, 2020",Indiana,Indianapolis,"3200 block of N Tacoma Ave",1,0,0,0,0,N/A
1650049,"March 31, 2020",Texas,Houston,"8155 Richmond Ave",1,0,0,0,2,N/A
1649454,"March 31, 2020","North Carolina",Lexington,"Greensboro St and W Hemstead St",1,0,1,0,0,N/A
1647912,"March 29, 2020",California,Lomita,"25814 Hillworth Ave",2,0,1,0,0,N/A
1648311,"March 29, 2020","South Carolina","Myrtle Beach (Surfside Beach)","Drake Ln",2,0,1,0,0,N/A
1649123,"March 28, 2020",Kansas,Wichita,"4500 block of S Walnut St",2,0,0,0,0,N/A
1646351,"March 26, 2020",Arizona,Sahuarita,"899 W Vuelta Granadina",1,0,1,0,0,N/A
1646390,"March 26, 2020",Tennessee,Memphis,"2778 Pickering Dr",1,0,0,0,0,N/A
1646198,"March 25, 2020",Florida,"Fort Walton Beach","1450 Miracle Strip Pkwy",1,0,0,1,1,N/A
1641069,"March 17, 2020",Kentucky,Lexington,"400 block of Campbell St",1,0,0,0,0,N/A
1640042,"March 15, 2020",Kentucky,Louisville,"4200 block of Lees Lane",1,0,0,0,0,N/A
1640826,"March 15, 2020",Idaho,"Horseshoe Bend","100 block of Canyon St",1,0,0,0,1,N/A
1639222,"March 13, 2020",Tennessee,Memphis,"650 Gallan Dr",1,0,0,0,2,N/A
1637594,"March 10, 2020",Texas,Dallas,"16060 Dallas Pkwy",3,0,1,0,0,N/A
2293255,"March 10, 2020",Washington,Olympia,"5700 block of Puget Beach Rd NE",2,0,0,0,1,N/A
1636763,"March 8, 2020","North Carolina",Fairview,N/A,1,0,0,0,1,N/A
1632363,"March 2, 2020",California,Hanford,"1000 block of W Cortner St",1,0,1,0,0,N/A
1626734,"February 22, 2020",Missouri,"Saint Louis","Highland Ave and N Euclid Ave",1,1,0,0,0,N/A
1622731,"February 16, 2020",Tennessee,Memphis,"1984 Bonnie Dr",1,0,0,0,1,N/A
1621614,"February 14, 2020",Virginia,Midland,"12870 Elk Run Rd",2,1,0,0,1,N/A
1621669,"February 13, 2020",California,Vallejo,"500 block of Quartz Ln",2,0,1,0,0,N/A
1619984,"February 11, 2020",Louisiana,"New Iberia","2200 block of Neco Town Rd",1,0,0,0,1,N/A
1619510,"February 11, 2020",Texas,"Sugar Land","8511 Evening Light Dr",2,0,1,0,0,N/A
1618350,"February 10, 2020",Florida,Naples,"1549 Sandpiper St",1,0,1,0,0,N/A
1617744,"February 9, 2020",Pennsylvania,Pittsburgh,"258 E Warrington Ave",1,0,0,0,1,N/A
1616850,"February 8, 2020",Wisconsin,Milwaukee,"5300 block of N Lovers Lane Rd",1,0,0,0,2,N/A
1616601,"February 7, 2020","New Jersey","Browns Mills","21 Maricopa Trl",1,0,0,0,0,N/A
1616774,"February 7, 2020",Louisiana,Shreveport,"3900 block of Merwin St",1,0,0,0,1,N/A
1612411,"February 2, 2020",Alabama,Harvest,"101 Berrycreek Dr",1,0,0,0,0,N/A
1611651,"February 1, 2020",Tennessee,Jackson,"2023 S Highland Ave",1,0,0,0,0,N/A
1611420,"February 1, 2020",Virginia,Richmond,"1700 block of Southlawn Ave",1,0,0,0,0,N/A
1611369,"January 31, 2020",Texas,Clyde,"Co Rd 525",1,0,0,0,0,N/A
1609952,"January 30, 2020",Alabama,Mobile,"1 East Interstate 65 Service Rd S",1,0,0,0,0,N/A
1609445,"January 30, 2020",Pennsylvania,Philadelphia,"2100 block of N Lambert St",1,0,0,0,0,N/A
2111765,"January 27, 2020",Colorado,"Colorado Springs","6600 block of Mandan Dr",1,0,0,0,1,N/A
1606124,"January 26, 2020",California,"Elk Grove","5500 block of Tamarindo Ln",1,0,1,0,0,N/A
1605798,"January 26, 2020","New York",Newburgh,"1571 NY-300",3,1,0,0,1,N/A
1605309,"January 25, 2020",Louisiana,"Baton Rouge","1915 Birch St",1,0,0,0,0,N/A
1606476,"January 24, 2020","North Carolina",Vanceboro,"107 Kinshaw Ct",4,0,1,0,0,N/A
1606756,"January 24, 2020",Colorado,"Estes Park","Upper Beaver Meadows Rd",1,0,1,0,0,N/A
1601841,"January 20, 2020",Tennessee,Memphis,"6872 Kirby Mills Cove",2,0,0,0,0,N/A
1600999,"January 19, 2020",Tennessee,Memphis,"Josephine St and Carnes Ave",1,0,0,0,1,N/A
1601442,"January 19, 2020",Indiana,Bloomington,"1297 E Zinnia Dr",1,0,0,1,0,N/A
1589050,"January 5, 2020",Texas,Dallas,"2900 block of Valentine St",1,1,0,0,0,N/A
1586315,"January 1, 2020","South Carolina",Walterboro,"Barracada Rd",2,0,0,0,1,N/A
1587369,"January 1, 2020","North Carolina",Greensboro,"3627 Sweet Birch Dr",3,0,0,0,1,N/A
1592700,"December 29, 2019",Texas,"Mount Pleasant","Private Rd 2321",1,0,0,0,1,N/A
1580278,"December 24, 2019",Alabama,Monroeville,"Co Rd 42",1,0,0,0,1,N/A
1577156,"December 21, 2019",Texas,"San Antonio","6310 Channel View",1,0,0,0,0,N/A
1574777,"December 17, 2019","South Carolina",Graniteville,"1600 Kalmia Apartments Ln",2,0,0,0,1,N/A
1574980,"December 16, 2019",Virginia,"Virginia Beach","1400 block of E Intruder Cir",2,0,0,0,0,N/A
1572873,"December 16, 2019",Oklahoma,"Oklahoma City","W Hefner Rd and N Western Ave",1,1,0,0,2,N/A
1572680,"December 16, 2019",Indiana,Gary,"4300 block of W 23rd Ave",1,1,0,0,0,N/A
1572059,"December 14, 2019",Ohio,Sandusky,"5000 block of Memphis Ave",1,0,0,0,1,N/A
1572029,"December 14, 2019",Ohio,Pataskala,"323 Haystack Ct",1,0,0,0,1,N/A
1571616,"December 14, 2019",California,Ontario,"1386 East F St",2,1,1,0,0,N/A
1572037,"December 14, 2019",Oklahoma,Jenks,"3706 W 106th St S",2,0,1,0,0,N/A
1567437,"December 8, 2019",Tennessee,Memphis,"397 Delta Rd",1,0,0,0,1,N/A
1566568,"December 7, 2019",Alabama,Birmingham,"F L Shuttlesworth Dr and 33rd Terrace N",1,0,0,0,2,N/A
1567442,"December 7, 2019",Tennessee,Cookeville,"Pippin Rd",1,0,0,0,0,N/A
1561977,"December 1, 2019",Minnesota,Minneapolis,"2738 Oakland Ave S",3,0,1,0,0,N/A
1561428,"November 29, 2019",Tennessee,Memphis,"3700 block of Station Way",1,0,0,0,0,N/A
1560553,"November 28, 2019","South Carolina",Springfield,N/A,1,0,0,0,0,N/A
1556439,"November 23, 2019",Ohio,Cleveland,"1800 block of E 97th St",1,0,0,0,1,N/A
1555887,"November 23, 2019",California,"Union City","33629 15th St",2,0,0,0,3,N/A
1554251,"November 20, 2019",California,"Los Angeles","2042 W 41st St",1,0,0,0,0,N/A
1553904,"November 20, 2019",Missouri,"Saint Louis","232 Tay Rd",1,0,0,0,0,N/A
1550546,"November 16, 2019",California,"San Diego","2152 Flintridge Dr",5,0,1,0,0,N/A
1551098,"November 16, 2019","South Carolina",Pickens,"Shady Grove Rd",1,0,0,0,0,N/A
1550254,"November 15, 2019",Louisiana,Shreveport,"7210 Bernstein Ave",1,1,0,0,1,N/A
1550315,"November 15, 2019","South Carolina",Lancaster,"1700 block of Usher Rd",1,0,0,0,0,N/A
1550099,"November 15, 2019","New Jersey",Pleasantville,"701 Mill Rd",1,2,0,0,1,N/A
1546480,"November 11, 2019",Pennsylvania,Philadelphia,"5700 block of Haddington Ln",1,0,0,0,1,N/A
1540873,"November 2, 2019",Texas,"Cedar Hill","900 block of S Highland Dr",1,0,0,0,0,N/A
1539761,"November 1, 2019",Texas,Houston,"6414 Skyview Dr",1,0,0,0,0,N/A
1537992,"October 30, 2019",Pennsylvania,Philadelphia,"5026 Walton Ave",4,0,0,0,1,N/A
1537557,"October 29, 2019",Texas,"Deer Park","1417 New Orleans St",3,0,1,0,0,N/A
1535141,"October 26, 2019",Alabama,Hanceville,"400 block of Co Rd 597",1,0,0,0,0,N/A
1533610,"October 23, 2019",Indiana,Mooresville,"2749 E CR-800 S",1,0,0,0,0,N/A
1532178,"October 21, 2019",Michigan,"Port Huron","3027 Cooper Ave",1,0,1,0,0,N/A
1530852,"October 20, 2019",Pennsylvania,Philadelphia,"3300 block of N Water St",3,0,0,0,2,N/A
1530524,"October 19, 2019",Pennsylvania,Philadelphia,"700 block of W Luzerne St",1,0,0,0,1,N/A
1528713,"October 17, 2019",Indiana,Mooresville,"E Centenary Rd and N Kitchen Rd",1,0,0,0,0,N/A
1527768,"October 15, 2019",Oklahoma,Miami,"217 I Street NW",1,2,1,0,0,N/A
1527013,"October 14, 2019",Pennsylvania,Philadelphia,"6320 Hegerman St",3,0,0,1,0,N/A
1521917,"October 7, 2019",Florida,Jacksonville,"3200 block of Justina Rd",2,0,0,0,3,N/A
1521226,"October 7, 2019",Massachusetts,Abington,"135 Centre Ave",4,0,1,0,0,N/A
1520107,"October 5, 2019",Alabama,Opp,N/A,1,0,0,0,0,N/A
1519891,"October 5, 2019",Ohio,Cleveland,"1388 E 171st St",1,1,0,0,2,N/A
1521125,"October 5, 2019","South Carolina",Hanahan,"5800 block of Robinson St",1,0,0,0,0,N/A
1520071,"October 5, 2019",Oklahoma,Lawton,"105 SE Trenton Rd",3,0,1,0,0,N/A
1515862,"September 29, 2019",Kansas,Parsons,"3100 Corning Ave",1,1,1,0,0,N/A
1514812,"September 28, 2019",Georgia,"Fort Valley","515 Cliett St",1,0,0,0,1,N/A
1511907,"September 24, 2019",Missouri,"Kansas City (Gladstone)","41 NE 60th Terrace",1,0,0,0,0,N/A
1511209,"September 23, 2019",Illinois,Harvey,"Paulina St and W 158th St",1,0,0,0,0,N/A
1511761,"September 21, 2019",Colorado,"Lone Tree","9045 Yosemite St",1,0,1,0,0,N/A
1509846,"September 21, 2019",Illinois,Joliet,"8300 block of Buckingham Lane",1,2,1,0,0,N/A
1510707,"September 16, 2019",Missouri,Bland,"County Rd A and Valentine Ford Rd",1,0,1,0,0,N/A
1504619,"September 15, 2019",Texas,"Fort Worth","7700 block of Greengage Dr",1,0,0,0,0,N/A
1504579,"September 15, 2019",Texas,Arlington,"1409 Cloyne Dr",1,1,0,0,0,N/A
1504561,"September 14, 2019",Tennessee,Knoxville,"502 Balsam Dr",1,0,0,0,1,N/A
1502475,"September 12, 2019",Missouri,"Saint Louis","9605 Jacobi Ave",1,0,0,0,0,N/A
1499300,"September 7, 2019","North Carolina",Whiteville,"Brittany Ln",3,1,0,0,2,N/A
1499195,"September 7, 2019",Tennessee,Hermitage,"3213 Dockside Dr",2,0,1,0,0,N/A
1498337,"September 5, 2019",California,Visalia,"W Sweet Ct",1,0,0,0,1,N/A
1497702,"September 4, 2019",Louisiana,Marrero,"3044 Sorbonne Dr",2,2,0,0,2,N/A
1495192,"September 2, 2019",Alabama,Elkmont,"25019 Ridge Road",5,0,0,0,1,N/A
1495103,"September 1, 2019",Alabama,Geneva,"E Latimer Ave",1,0,0,0,0,N/A
1494464,"September 1, 2019",Maryland,"Rising Sun","1183 Ridge Rd",1,0,1,0,0,N/A
1491675,"August 30, 2019",Texas,Houston,"21717 Inverness Forest Blvd",2,0,1,0,0,N/A
1491344,"August 29, 2019",Arizona,Mesa,"N Mesa Dr and E McKellips Rd",2,0,0,0,0,N/A
1489161,"August 27, 2019",Virginia,Keeling,"1949 Keeling Dr",3,0,0,0,1,N/A
1488198,"August 25, 2019",Florida,"Pembroke Pines","1657 SW 156th Ave",3,0,1,0,0,N/A
1490607,"August 25, 2019",Alabama,Huntsville,"Rime Village Dr",1,0,0,0,0,N/A
1487202,"August 24, 2019",Missouri,"Saint Louis","715 N 21st St",2,0,0,0,0,N/A
1487162,"August 24, 2019",Indiana,Indianapolis,"2345 N. Guilford Ave",2,1,0,0,1,N/A
1487550,"August 24, 2019",Florida,"Daytona Beach","212 S Keech St",1,0,0,0,0,N/A
1486675,"August 23, 2019",Missouri,"Saint Louis","1122 Union Blvd",1,3,0,0,0,N/A
1483899,"August 20, 2019",Pennsylvania,York,"258 E Philadelphia St",1,0,0,0,1,N/A
1485122,"August 20, 2019",Michigan,Alma,"W Tyler Rd",1,0,0,0,1,N/A
1482830,"August 18, 2019","North Carolina",Durham,"Duke St and Leon St",1,1,0,0,3,N/A
1482469,"August 17, 2019",Oklahoma,Clinton,"14th St and Dunn Ave",1,0,0,0,0,N/A
1481415,"August 16, 2019",Alabama,Montgomery,"Coronet Drive",1,0,0,0,1,N/A
1480930,"August 14, 2019",Minnesota,"Heron Lake",N/A,1,0,0,0,0,N/A
1479992,"August 14, 2019","West Virginia",Nitro,"1324 Main Ave",1,0,0,0,0,N/A
1479182,"August 14, 2019",Texas,Dallas,"3535 Munger Ave",1,0,0,0,2,N/A
1477014,"August 12, 2019",Missouri,"Saint Louis","3500 block of N 11th St",1,1,0,0,1,N/A
1476322,"August 10, 2019",Missouri,"Kansas City","8300 block of Tracy Ave",1,1,0,0,0,N/A
1477629,"August 10, 2019",Pennsylvania,"Guys Mills","Guys Mills Rd",2,0,0,0,1,N/A
1474760,"August 9, 2019",Texas,Mckinney,"5500 McKinney Place Dr",1,0,0,0,1,N/A
1466848,"August 3, 2019",Louisiana,Shreveport,"3000 block of Sunnybrook St",1,0,0,0,0,N/A
1465898,"August 2, 2019",Virginia,"Colonial Heights","100 block of Bruce Ave",1,0,0,0,0,N/A
1465536,"August 1, 2019",Montana,Toston,"Crow Creek Rd",1,0,0,0,1,N/A
1464941,"July 30, 2019",Arizona,Tucson,"4700 block of Linden St",1,0,0,0,0,N/A
1461837,"July 28, 2019",Alabama,Birmingham,"7527 66th St S",1,0,0,0,0,N/A
1461352,"July 28, 2019",Wisconsin,"Chippewa Falls","16964 54th Ave",4,2,1,0,0,N/A
1460448,"July 28, 2019",California,Gilroy,"7050 Miller Ave",3,17,1,0,0,N/A
1461110,"July 28, 2019",Illinois,Chicago,"9600 block of S Escanaba Ave",1,0,0,0,0,N/A
1457725,"July 24, 2019",Montana,Whitefish,"4400 block of US 93",2,0,1,0,0,N/A
1452782,"July 20, 2019",Florida,"Pensacola (West Pensacola)","Wyoming Dr and New York Dr",1,0,1,0,0,N/A
1452378,"July 19, 2019",Missouri,"Saint Louis","4700 block of Page Blvd",1,0,0,0,0,N/A
1451573,"July 18, 2019","District of Columbia",Washington,"2700 block of Naylor Rd SE",1,0,0,0,1,N/A
1450611,"July 16, 2019",Iowa,"Des Moines","1003 Day St",3,0,0,0,1,N/A
1446631,"July 13, 2019",Wisconsin,Milwaukee,"42nd St and Townsend St",1,0,0,0,1,N/A
1442623,"July 8, 2019","North Carolina",Manson,"Ellington Rd",1,1,1,0,0,N/A
1441026,"July 6, 2019","North Carolina","Winston Salem (Winston-salem)","2941 Cole Ridge Cir",1,0,0,0,3,N/A
1438084,"July 2, 2019",Texas,Spring,"2800 block of Trailing Vine Rd",1,2,0,0,1,N/A
1437767,"June 30, 2019",Arizona,Glendale,"5531 N 61st Ln",2,0,0,0,1,N/A
1437037,"June 30, 2019",Louisiana,Lafayette,"100 block of Northern Ave",1,0,0,0,0,N/A
1434639,"June 28, 2019",Louisiana,Shreveport,"3800 block of Elmer Ln",1,0,0,0,1,N/A
1433062,"June 27, 2019",Georgia,Gainesville,"4821 Poplar Springs Rd",1,0,1,0,0,N/A
1430164,"June 24, 2019",Tennessee,Memphis,"3670 Pershing Park Dr",1,0,0,0,0,N/A
1429887,"June 24, 2019",Florida,"Port Saint Lucie","1900 SE Hillmoor Dr",2,1,0,0,1,N/A
1429406,"June 23, 2019",Mississippi,Jackson,"Ginger Dr",1,0,0,0,0,N/A
1429333,"June 23, 2019","South Carolina",Anderson,"1209 West End Ave",1,2,0,0,1,N/A
1428280,"June 21, 2019",Texas,Katy,"28200 block of S Firethorne Rd",1,0,0,0,0,N/A
1427218,"June 20, 2019","South Carolina",Greenville,"Dronfield Dr",1,0,0,0,0,N/A
1429770,"June 18, 2019",Wisconsin,Milwaukee,"N 45th St and W Concordia Ave",1,0,0,0,1,N/A
1424941,"June 17, 2019",Arkansas,Dardanelle,"South 3rd St",1,0,1,0,0,N/A
1424395,"June 17, 2019",Wisconsin,Kenosha,"2000 block of 60th St",1,0,0,0,2,N/A
1428080,"June 15, 2019","North Carolina",Taylorsville,"Pine Meadows Ln",4,0,0,0,2,N/A
1423015,"June 15, 2019",Iowa,"West Des Moines","935 65th St",3,0,1,0,0,N/A
1420962,"June 12, 2019",Mississippi,Brookhaven,"2457 Grant Rd",1,0,0,0,1,N/A
1421241,"June 12, 2019",Georgia,Macon,"100 block of Avalon Rd",1,0,0,0,0,N/A
1419431,"June 10, 2019","South Carolina","North Charleston","2800 block of Ranger Drive",1,0,0,0,1,N/A
1418854,"June 10, 2019",Tennessee,Maryville,"419 Savannah Village Drive",1,0,1,0,0,N/A
1419519,"June 10, 2019",Missouri,"Saint Louis","1500 block of 20th St",1,0,0,0,0,N/A
1418610,"June 9, 2019",Missouri,"Saint Louis","4600 block of Michigan Ave",1,1,0,0,0,N/A
1418340,"June 9, 2019",Texas,Channelview,"15100 block of Brentwood Dr",1,0,0,0,2,N/A
1418818,"June 9, 2019",Idaho,Montpelier,"US Hwy 30",1,0,0,0,1,N/A
1415239,"June 5, 2019","North Carolina","Red Springs","14000 block of N.C. Highway 72 West",1,0,0,0,1,N/A
1416009,"June 4, 2019",Oklahoma,Idabel,"1900 block of Hillcrest Dr",2,0,1,0,0,N/A
1412997,"June 2, 2019",Florida,"Miami Gardens","NW 207th St and 37th Ave",2,0,0,0,0,N/A
1408655,"May 28, 2019",California,Oroville,"82 Yellow Hammer Drive",2,0,1,0,0,N/A
1405954,"May 26, 2019",Virginia,Richmond,"2813 Bainbridge St",1,2,0,0,3,N/A
1517831,"May 26, 2019",Wisconsin,Kiel,"123 Southridge Drive",2,0,1,0,0,N/A
1405012,"May 25, 2019",Louisiana,"Baton Rouge","3766 Lanier Dr",1,0,0,0,1,N/A
1403376,"May 23, 2019",Colorado,Denver,"3090 S Golden Way",3,0,0,0,1,N/A
1398823,"May 17, 2019","New York",Guilderland,"169 Schoolhouse Rd",1,0,1,0,0,N/A
1398153,"May 17, 2019",Arkansas,"Little Rock","2123 Labette Manor Dr",1,0,0,0,0,N/A
1398159,"May 17, 2019",Missouri,"Kansas City","11300 block of Calico Dr",1,0,0,0,0,N/A
1398927,"May 16, 2019",Oklahoma,Calera,"1193 Sterret Rd",1,0,0,0,0,N/A
1395167,"May 14, 2019","South Carolina",Lexington,"100 block of Cedar Vale Dr",1,1,0,1,2,N/A
1394309,"May 13, 2019",Illinois,Peoria,"2825 W Ann St",1,1,0,0,0,N/A
1393162,"May 12, 2019",Ohio,Toledo,"1121 Joyce Lane",1,0,0,0,0,N/A
1395097,"May 11, 2019",Tennessee,Jackson,"164 Allen Ave",1,0,0,0,0,N/A
1386607,"May 4, 2019",Texas,Conroe,"10734 Stidham Rd",1,0,0,0,1,N/A
1385486,"May 2, 2019",Texas,Lufkin,N/A,1,0,0,0,0,N/A
1385188,"May 1, 2019",Arkansas,Osceola,"Buckingham St",1,0,0,0,1,N/A
1384726,"April 30, 2019",Missouri,"Saint Louis","5900 block of Ferris Ave",2,0,0,0,0,N/A
1377915,"April 22, 2019",Texas,"Fort Worth","2016 Speckle Dr",3,0,1,0,0,N/A
1376768,"April 20, 2019","South Carolina",Newberry,"633 Cherry Ln",1,1,0,0,1,N/A
1376917,"April 20, 2019",Ohio,Cleveland,"14210 Rexwood Ave",1,0,0,0,0,N/A
1373896,"April 16, 2019",Georgia,Augusta,"2900 block of Meadowbrook Dr",1,0,0,0,1,N/A
1370128,"April 12, 2019",Georgia,Ellenwood,"3500 Block of Satellite Blvd",1,0,0,0,3,N/A
1369988,"April 12, 2019",Florida,"Haines City","99 Citrus Ridge Ct",3,0,0,0,1,N/A
1369148,"April 11, 2019",Arizona,Phoenix,"7112 W Minnezona Ave",3,2,0,0,1,N/A
1367053,"April 9, 2019","South Carolina",Cheraw,"3000 block of Society Hill Rd",3,0,0,0,0,N/A
1366615,"April 8, 2019",Georgia,Dallas,"158 Laurelcrest Ln",1,0,0,0,0,N/A
1365164,"April 7, 2019","New Mexico",Albuquerque,"6700 block of Kelly Ave NE",1,0,0,0,0,N/A
1363489,"April 4, 2019",Arizona,Tucson,"2462 W Kessler Pl",2,0,0,0,1,N/A
1362523,"April 3, 2019",Arizona,Phoenix,"3829 W Moreland St",1,1,0,0,1,N/A
1359745,"March 31, 2019",Alabama,Ohatchee,"2700 block of Kirkseys Bend Rd",1,1,1,0,0,N/A
1354417,"March 24, 2019",Indiana,Indianapolis,"5600 block of Culver St",1,0,0,0,2,N/A
1353341,"March 23, 2019",Illinois,Harvey,"14600 block of Des Plaines St",1,0,0,0,0,N/A
1354026,"March 22, 2019","North Carolina",Fayetteville,"3100 Cricket Rd",1,0,0,0,1,N/A
1351167,"March 19, 2019",Oklahoma,Ripley,"10600 block of E 56th St",2,0,1,0,0,N/A
1351258,"March 18, 2019",Minnesota,Ogema,"26494 Beaver Trail",1,0,1,0,0,N/A
1348185,"March 16, 2019",Florida,"Miami Gardens","21200 block of NW 27th Ct",1,0,0,0,0,N/A
1348665,"March 16, 2019",Maine,"Presque Isle","728 Reach Rd",1,0,1,0,0,N/A
1340200,"March 4, 2019",Georgia,Morganton,"300 Underwood Road",2,0,1,0,0,N/A
1336802,"February 27, 2019",Illinois,Joliet,"503 Whitley Ave",3,0,1,0,0,N/A
1333774,"February 23, 2019","South Carolina","North Charleston","2800 block of O'Brien St",1,0,0,0,1,N/A
1333259,"February 21, 2019",Oregon,Prineville,"3444 SE Umatilla Loop",2,0,1,0,0,N/A
1329640,"February 18, 2019",Michigan,"Cedar Springs","221 19 Mile Rd NE",3,0,1,0,0,N/A
1326968,"February 13, 2019",Louisiana,Marrero,"2000 block of Rue Racine",1,0,0,0,1,N/A
1326667,"February 13, 2019",Maryland,"North Beach","Bedford Dr",1,0,0,0,0,N/A
1324279,"February 11, 2019",Texas,Livingston,"3628 FM 3126",4,0,1,0,0,N/A
1323697,"February 9, 2019",Mississippi,Saucier,"Riceville Rd and McHenry Rd",2,0,0,0,0,N/A
1323022,"February 8, 2019",Florida,Jacksonville,"2401 Jammes Rd",1,0,0,0,0,N/A
1318461,"February 3, 2019",Georgia,Harlem,"1407 Country Woods Ln",1,0,0,0,0,N/A
1317385,"February 1, 2019",Ohio,Miamisburg,"3049 Sagebrook Dr",1,1,1,0,0,N/A
1313540,"January 26, 2019",Alabama,"Mobile (Prichard)","422 Minnie B Turnbo Dr",1,1,0,0,1,N/A
1310267,"January 24, 2019",Michigan,Detroit,"Southfield Fwy and Plymouth Rd",1,0,0,0,1,N/A
1308241,"January 21, 2019",Virginia,"Hanover (Mangohick)","100 block of Robin Ln",1,0,0,0,2,N/A
1307368,"January 21, 2019",Kansas,Wichita,"2201 E MacArthur Rd",1,0,0,0,0,N/A
1308718,"January 19, 2019",Texas,Temple,"4700 block of Midway Dr",1,0,1,0,0,N/A
1311385,"January 17, 2019",Florida,"Fort Myers","1429 Floral Dr",1,0,1,0,0,N/A
1304947,"January 17, 2019","New Mexico","Santa Fe","Pacheco Canyon Rd",1,0,1,0,0,N/A
1302992,"January 16, 2019",Texas,Houston,"4000 W 34th St",1,0,0,0,0,N/A
1301688,"January 13, 2019",Alabama,Orrville,N/A,1,0,0,0,0,N/A
1299668,"January 12, 2019",Louisiana,"New Orleans","6780 Bundy Rd",1,0,0,0,1,N/A
1298558,"January 11, 2019","North Carolina",Durham,"3600 block of Suffolk St",2,0,0,1,1,N/A
1298774,"January 10, 2019",California,Willits,"5000 block of Hearst Willits Rd",2,0,1,0,0,N/A
1298089,"January 10, 2019",Texas,Boerne,"11314 Anaqua Spgs",2,0,1,0,0,N/A
1297249,"January 9, 2019",Pennsylvania,Lancaster,"1320 Harrisburg Pike",1,0,1,0,0,N/A
1294018,"January 2, 2019",Pennsylvania,Middletown,"134 S Union St",2,0,1,0,0,N/A
1288201,"December 30, 2018",Texas,Houston,"15491 Wallisville Rd",1,1,0,0,2,N/A
1289168,"December 29, 2018",Indiana,Marion,"2300 block of Gallatin St",3,0,0,0,2,N/A
1287286,"December 28, 2018",Missouri,"Saint Charles","150 Whetstone Dr",4,0,0,1,1,N/A
1285972,"December 27, 2018",Arkansas,"Little Rock","2A Eagle Hill Dr",2,0,0,0,1,N/A
1280379,"December 19, 2018",Florida,Valrico,"1512 Emerald Hill Way",3,0,1,0,0,N/A
1277947,"December 16, 2018",Florida,Homestead,"11441 SW 242nd Ln",3,0,1,0,0,N/A
1278778,"December 14, 2018",Missouri,Florissant,"13 Holly Ln",1,0,0,0,0,N/A
1277170,"December 14, 2018",Michigan,Roseville,"16415 Dort St",1,0,0,0,0,N/A
1266173,"November 29, 2018",Indiana,Lebanon,"300 block of N Park St",1,0,0,0,0,N/A
1264155,"November 27, 2018",Georgia,Columbus,"6 Stuart Dr",2,0,0,0,1,N/A
1264802,"November 24, 2018",Oregon,Harrisburg,N/A,1,0,0,0,0,N/A
1261231,"November 22, 2018",Ohio,Toledo,"I-75 and Collingwood Blvd",1,0,0,0,2,N/A
1260953,"November 22, 2018",Georgia,Savannah,"900 block of E 35th St",1,0,0,0,0,N/A
1259542,"November 20, 2018",Tennessee,Memphis,"2940 Hickory Hill Rd",1,0,0,0,1,N/A
1258320,"November 18, 2018",Texas,Dallas,"9600 block of Beckleycrest Ave",1,0,0,0,0,N/A
1259582,"November 17, 2018",Arkansas,Lamar,"Cabin Creek Ave",1,0,0,0,0,N/A
1256740,"November 16, 2018","South Carolina",Greenwood,"126 Perch St",2,0,1,0,0,N/A
1256271,"November 15, 2018",Georgia,Jonesboro,"300 block of Blackhawk Tr",1,0,0,0,0,N/A
1256230,"November 14, 2018",Alabama,Birmingham,"31st St N",1,0,0,0,0,N/A
1251637,"November 8, 2018",Arkansas,Camden,"1516 Copeland St",1,0,0,0,0,N/A
1249551,"November 7, 2018",Ohio,Youngstown,"Pasadena Ave and Gibson St",3,0,0,0,2,N/A
1248818,"November 6, 2018",Kansas,"Kansas City","1610 N 85th St",0,1,1,0,0,N/A
1248514,"November 6, 2018",Missouri,Clinton,"500 block of South 11 St. Terrace",1,0,0,0,0,N/A
1248423,"November 5, 2018",Georgia,Hephzibah,"1600 Block of Keron Way",1,0,0,0,1,N/A
1247546,"November 4, 2018",Alabama,Prattville,"100 block of Laurel Hill Drive",1,0,0,0,0,N/A
1247542,"November 4, 2018",Oregon,"Baker City","Birch St",1,0,0,0,0,N/A
1247308,"November 3, 2018",Arizona,"Litchfield Park","N Litchfield Rd and W Indian School Rd",1,0,1,0,0,N/A
1246968,"November 2, 2018",Louisiana,"Baton Rouge","1700 block of Madison Ave",1,0,0,0,1,N/A
1246006,"November 1, 2018",Nevada,"North Las Vegas","6705 Courtney Michelle St",1,0,1,0,4,N/A
1243438,"October 29, 2018",Tennessee,Whitleyville,"274 N Fork Rd",1,2,0,0,1,N/A
1243703,"October 29, 2018",Alabama,Montgomery,"3750 S Court St",1,0,0,0,0,N/A
1241474,"October 25, 2018","South Carolina",Walterboro,"11592 Jefferies Hwy",1,0,0,0,0,N/A
1240844,"October 25, 2018",Indiana,Logansport,"1531 Treen St",1,0,0,0,0,N/A
1245249,"October 21, 2018",Colorado,"Colorado Springs","1500 block of Hartford St",1,0,0,0,0,N/A
1238496,"October 21, 2018",Florida,Tampa,"4302 Mariners Cove Ct",2,0,0,0,1,N/A
1238134,"October 21, 2018",Tennessee,"Saint Joseph","3825 US-43",1,0,0,0,0,N/A
1234694,"October 16, 2018",Pennsylvania,"New Castle","319 W North St",3,0,0,0,2,N/A
1244777,"October 14, 2018",Oklahoma,Tulsa,"E Seminole Pl and N Greenwood Ave",3,0,0,0,2,N/A
1230196,"October 9, 2018",Michigan,Flint,"200 block of West Austin Ave",1,0,0,0,2,N/A
1228092,"October 8, 2018",Virginia,"Henrico (Highland Springs)","203 S Holly Ave",1,0,0,0,0,N/A
1228329,"October 6, 2018",Georgia,"Lavonia (Gumlog)","Rue Fleur de lis",1,0,0,0,0,N/A
1227063,"October 6, 2018",Illinois,Chicago,"2200 block of N Kilbourn Ave",1,1,0,0,1,N/A
1226148,"October 5, 2018",Ohio,"Cincinnati (Mount Healthy)","7840 Clovernook Ave",1,0,0,0,0,N/A
1226144,"September 30, 2018",Tennessee,Memphis,"800 block of N Highland St",1,0,0,1,1,N/A
1222370,"September 30, 2018","South Carolina",Columbia,"100 block of Beatty Downs Rd",2,0,0,0,3,N/A
1221204,"September 30, 2018",Tennessee,Memphis,"3673 S 3rd Street",1,2,0,0,0,N/A
1219905,"September 27, 2018",Texas,Rusk,"FM 1209",1,0,0,0,0,N/A
1217275,"September 24, 2018","South Carolina",Warrenville,"1100 block of Oxpens Rd",1,0,0,0,0,N/A
1215761,"September 22, 2018",Arkansas,"Little Rock","5207 Wycliffe Dr",1,0,0,0,0,N/A
1214654,"September 20, 2018",Nevada,Henderson,"1146 Paradise Garden Dr",3,0,1,0,0,N/A
1214964,"September 20, 2018","West Virginia",Gerrardstown,"291 Tall Pine Ln",1,1,0,0,1,N/A
1211994,"September 17, 2018",Louisiana,Livingston,"18000 block of Murphy Estate Ln",1,0,0,0,0,N/A
1211659,"September 17, 2018",Maryland,"Silver Spring","123 Amberleigh Dr",3,1,1,0,0,N/A
1209783,"September 13, 2018","North Carolina",Greensboro,"3117 Henry St",1,1,0,0,3,N/A
1210032,"September 13, 2018",Michigan,Detroit,"19000 block of Lyndon",1,1,1,0,2,N/A
1208646,"September 13, 2018",California,Sacramento,"7400 block of Della Cir",1,0,0,0,3,N/A
1204762,"September 5, 2018",Virginia,Herndon,"1000 block of Safa Street",2,0,1,0,0,N/A
1203498,"September 4, 2018",Kentucky,"Smiths Grove","223 Buck Creek Rd",1,0,0,0,0,N/A
1203994,"September 4, 2018",Indiana,Gary,"1700 block of Polk St",1,0,0,0,1,N/A
1200408,"August 31, 2018",Kentucky,Totz,"63 Totz Loop",1,0,0,0,0,N/A
1200749,"August 28, 2018",Maryland,"Halethorpe (Lansdowne)","3100 block of Bero Rd",1,0,0,0,0,N/A
1198973,"August 28, 2018",Georgia,Oxford,"65 Brown Thrasher Run",1,0,0,0,1,N/A
1197134,"August 27, 2018",Illinois,Chicago,"6200 block of North Richmond St",2,0,1,0,0,N/A
1197105,"August 26, 2018",Illinois,Kankakee,"900 block of E Chestnut St",1,0,0,0,0,N/A
1195810,"August 24, 2018",Alabama,Madison,"Tybee Dr",1,0,0,0,2,N/A
1192594,"August 20, 2018",Oregon,Bend,"20064 Mount Hope Ln",1,0,0,1,0,N/A
1189258,"August 17, 2018",Louisiana,"West Monroe","Philpot Rd",1,0,0,0,0,N/A
1189020,"August 16, 2018","South Carolina",Ridgeland,"1700 Fordville Rd",1,0,0,0,1,N/A
1187669,"August 15, 2018",Kentucky,Louisville,"1708 S 32nd St",1,0,0,0,0,N/A
1185520,"August 12, 2018",California,Clearlake,"4786 Yarrington Ct",3,1,1,0,0,N/A
1185068,"August 11, 2018",Florida,Jacksonville,"7940 103rd St",1,0,0,0,5,N/A
1182592,"August 8, 2018",Tennessee,"La Follette (Lafollette)","2221 Jacksboro Pike",1,0,0,0,0,N/A
1182426,"August 7, 2018","North Carolina",Wilmington,"5705 Andrews Reach Loop",1,0,1,0,0,N/A
1180857,"August 5, 2018",Virginia,"Mc Lean (Mclean)","1500 block of Lincoln Cir",2,0,0,0,1,N/A
1182786,"August 4, 2018",Tennessee,"Big Rock","400 block of Highway 120",1,0,0,0,0,N/A
1175534,"July 30, 2018","New York","Corona (Queens)","23-07 30th Dr",3,0,1,0,0,N/A
1175472,"July 28, 2018",Alabama,Athens,"17893 W Market St",2,0,1,0,0,N/A
1173707,"July 27, 2018",Alaska,Anchorage,"900 block of Chugach Way",1,0,0,0,0,N/A
1173190,"July 26, 2018",Indiana,Shirley,"2463 N Mechanicsburg Rd",2,0,1,0,0,N/A
1171496,"July 24, 2018",Maine,Oakland,"19 Church St",1,0,0,0,0,N/A
1171930,"July 24, 2018",California,Middletown,"17000 block of Pine View Drive",2,0,1,0,0,N/A
1167931,"July 20, 2018",California,"San Bernardino (Muscoy)","2700 block of Duffy St",1,0,0,0,1,N/A
1165420,"July 17, 2018","New Jersey",Bridgeton,"17 Elmer St",1,0,0,0,2,N/A
1165183,"July 16, 2018","District of Columbia",Washington,"300 block of 53rd St NE",1,4,0,0,10,N/A
1163406,"July 13, 2018",Indiana,Salem,"5000 block of S PD Baker Rd",1,0,0,0,0,N/A
1164073,"July 13, 2018","South Carolina",Hemingway,"461 E Lawrimore Rd",2,0,1,0,0,N/A
1161925,"July 12, 2018",Texas,Houston,"14022 Edgeboro St",2,0,1,0,0,N/A
1161078,"July 10, 2018",Texas,Hockley,"31703 Dunham Lake Dr",1,0,0,0,0,N/A
1160253,"July 9, 2018",Delaware,Wilmington,"2709 Ferris Rd",4,0,1,0,0,N/A
1160697,"July 8, 2018",Oregon,"Grants Pass","5472 Monument Dr",1,0,1,0,0,N/A
1159278,"July 8, 2018",Texas,Houston,"8405 Knox St",1,0,0,0,0,N/A
1158586,"July 7, 2018",Georgia,Augusta,"3100 block of Skinner Mill Rd",1,0,0,0,1,N/A
1159025,"July 7, 2018",California,Fresno,"382 W Audubon Dr",1,0,0,0,0,N/A
1157086,"July 5, 2018",Mississippi,Moorhead,"US-82 and MS-3",1,0,1,0,0,N/A
1156772,"July 5, 2018",Maryland,Baltimore,"500 block of Lyndhurst St",1,0,0,0,4,N/A
1157671,"July 5, 2018",Louisiana,Chalmette,"500 block of Pierre St",1,0,0,0,0,N/A
1155641,"July 2, 2018",Missouri,Hartville,"Abrams Rd",1,0,0,0,0,N/A
1154558,"July 2, 2018","New York",Buffalo,"Grape St",2,2,0,0,1,N/A
1154041,"July 1, 2018",Maryland,"La Plata","13140 Charles St",1,0,1,0,0,N/A
1152899,"June 29, 2018",Indiana,Indianapolis,"3621 Bunker Hill Dr",1,0,1,0,0,N/A
1150235,"June 26, 2018",Missouri,Monett,"500 block of Pleasant Dr",1,0,0,0,0,N/A
1148883,"June 23, 2018",Louisiana,Oakdale,"Prater St",1,0,0,0,0,N/A
1145852,"June 20, 2018",Ohio,Cleveland,"Lee Rd and Harvard Ave",1,0,0,0,7,N/A
1471533,"June 19, 2018",Michigan,Lansing,"800 block of Loa St",2,0,0,0,1,N/A
1142051,"June 14, 2018",Texas,Longview,"800 block of Owings Ave",1,0,0,0,0,N/A
2478400,"June 13, 2018",Texas,Wharton,"Floyd Rd",3,0,0,0,1,N/A
1139610,"June 12, 2018",Missouri,"Saint Joseph","1909 S 12th St",1,0,0,0,0,N/A
1138324,"June 11, 2018",Florida,Orlando,"4932 Eaglesmere Dr",5,0,1,0,0,N/A
1138758,"June 10, 2018",Illinois,Darien,"7500 block of Farmingdale Dr",2,0,1,0,0,N/A
1134422,"June 6, 2018",Virginia,Raphine,"2200 block of Raphine Rd",1,0,1,0,0,N/A
1133961,"June 5, 2018",Kentucky,Elizabethtown,"43 West Airview Dr",1,0,0,0,1,N/A
1133365,"June 4, 2018",Ohio,Dayton,"2500 block of Wheeler Ave",1,0,0,0,1,N/A
1132595,"June 4, 2018",Illinois,Chicago,"900 block of W 119th St",1,0,0,0,0,N/A
1129432,"May 31, 2018","South Carolina",Timmonsville,"544 Chaney Grove Rd",3,2,0,0,1,N/A
1130871,"May 31, 2018",Texas,Laredo,"2500 block of Monterrey Ave",1,0,0,0,0,N/A
1129050,"May 30, 2018",Nevada,"Las Vegas","3975 North Nellis Blvd",1,0,0,0,1,N/A
1128546,"May 29, 2018",Louisiana,"La Place (Laplace)","Joe Parquet Circle",2,0,0,0,0,N/A
1126217,"May 26, 2018",Utah,"Salt Lake City (West Valley City)","2700 S Fair Isle Ln",1,0,0,0,1,N/A
1122852,"May 22, 2018",Virginia,Louisa,"Bakers Branch Rd",1,0,0,0,0,N/A
1122946,"May 22, 2018",Virginia,Roanoke,"3441 Bennett Dr",1,0,0,0,0,N/A
1121440,"May 20, 2018",Michigan,"River Rouge","Campbell St",1,0,0,0,0,N/A
1116705,"May 16, 2018",Texas,Ponder,"610 Lone Star Park Ln",4,1,1,0,0,N/A
1117434,"May 16, 2018",Minnesota,"Minneapolis (Plymouth)","6000 block of Shenandoah Ln",1,0,0,0,0,N/A
1115051,"May 13, 2018",California,Stockton,"2436 Belleview St",3,2,0,0,0,N/A
1113078,"May 10, 2018",Louisiana,Shreveport,"100 block of N Pierre Ave",1,0,0,0,0,N/A
1110096,"May 7, 2018",Virginia,Richmond,"200 block of N Laburnum Ave",1,0,0,0,0,N/A
1109289,"May 6, 2018",Texas,Rowlett,"Hickox Rd and Rolett Rd",1,0,1,0,0,N/A
1108761,"May 5, 2018",Texas,Rowlett,"5900 block of Mimosa Ln",1,0,1,0,0,N/A
1109979,"May 5, 2018",Indiana,"East Chicago","3700 block of Elm St",1,0,0,0,1,N/A
1109045,"May 5, 2018",Georgia,Decatur,"3539 Sweetgum Ln",1,0,0,0,1,N/A
1108431,"May 4, 2018","South Carolina",Walterboro,"Robinson Rd",1,0,0,0,0,N/A
1107289,"May 3, 2018","North Dakota","Grand Forks","1006 S 12th St",3,0,1,0,0,N/A
1098556,"April 23, 2018",Ohio,Streetsboro,"900 block of Alden Dr",1,0,0,0,1,N/A
1098069,"April 22, 2018",California,Modesto,"1800 block of Rancho Encantado",3,0,0,0,0,N/A
1096402,"April 20, 2018",Ohio,Wickliffe,"28611 Euclid Avenue",1,0,0,0,0,N/A
1089021,"April 10, 2018","North Carolina","Snow Hill","1043 Davis Grove Church Rd",2,0,0,0,1,N/A
1082827,"April 1, 2018",Georgia,Atlanta,"1200 block of Bouldercrest Rd SE",1,0,0,0,1,N/A
1081647,"March 31, 2018",Florida,Miami,"NW 65th St and NW 13th Ct",1,0,0,0,1,N/A
1081894,"March 31, 2018",Missouri,"Saint Louis","3100 block of California Ave",1,0,0,0,0,N/A
1080392,"March 29, 2018",Missouri,Florissant,"1415 East Duchesne",2,0,1,0,0,N/A
1080374,"March 29, 2018",Indiana,Indianapolis,"3500 block of N Wittfield St",1,1,0,0,2,N/A
1081623,"March 25, 2018",Alaska,"Barrow (Utqiagvik)",N/A,1,0,0,0,0,N/A
1074961,"March 21, 2018",Kentucky,Burlington,"5900 block of Peoples Ln",2,0,0,0,0,N/A
1075597,"March 21, 2018",Texas,Martinsville,"TX 7",1,0,0,0,0,N/A
1069080,"March 14, 2018","New York",Brooklyn,"345 Thatford Ave",3,0,1,0,0,N/A
1068526,"March 13, 2018",Washington,Spanaway,"5707 209th St E",3,0,1,0,0,N/A
1068059,"March 12, 2018",Louisiana,"Lake Providence","300 Church Street",1,0,0,0,0,N/A
1067443,"March 12, 2018",Missouri,"Cape Girardeau","50 Green Acres Dr",1,0,0,0,1,N/A
1068073,"March 12, 2018",Alabama,Mobile,"8070 Domain St",1,0,0,0,0,N/A
1066875,"March 10, 2018",Florida,Ocala,"FR 88",2,0,1,0,0,N/A
1066577,"March 10, 2018",Wisconsin,Milwaukee,"4500 block of N 38th St",1,0,0,0,2,N/A
1065208,"March 7, 2018",Alabama,Huntsville,"615 Murray Rd",1,0,0,0,3,N/A
1062802,"March 2, 2018",Colorado,Arboles,N/A,1,0,0,0,0,N/A
1061451,"March 1, 2018","North Carolina",Laurinburg,"3rd St",1,0,0,0,0,N/A
1060419,"March 1, 2018",Texas,Houston,"3900 block of Scott St",1,1,0,0,1,N/A
1055120,"February 21, 2018","New Jersey","Asbury Park","405 Ridge Ave",1,1,0,0,2,N/A
1053272,"February 20, 2018",Alabama,Moulton,"Pinhook Rd",1,0,0,0,0,N/A
1053616,"February 20, 2018",Michigan,"Bay City","3716 Wheeler Rd",2,0,1,0,0,N/A
1052294,"February 18, 2018",Florida,Jacksonville,"1300 block of Mount Herman St",1,1,0,0,0,N/A
1053085,"February 18, 2018",California,Madera,"Tozer St and Olive Ave",1,1,0,0,0,N/A
1051659,"February 16, 2018",Ohio,Akron,"900 block of Mercer Ave",1,0,0,0,1,N/A
1047484,"February 10, 2018",Missouri,Barnhart,"7218 Valley Dr",1,0,1,0,0,N/A
1045450,"February 8, 2018",Alabama,Talladega,N/A,1,0,0,0,0,N/A
1042224,"February 3, 2018","South Carolina",Dillon,"Lester Rd",1,2,0,0,1,N/A
1041668,"February 2, 2018",Missouri,"Saint Louis","6200 block of Kinsey Pl",2,0,1,0,0,N/A
1039068,"January 29, 2018",Missouri,"Poplar Bluff","Hwy JJ",1,0,0,0,1,N/A
1037937,"January 28, 2018",Texas,Houston,"1400 block of W Gulf Bank Rd",1,0,0,0,0,N/A
1037226,"January 27, 2018",Texas,"Texas City","2800 block of Lynn Cir",1,0,0,0,0,N/A
1036936,"January 26, 2018",Florida,Marianna,"Townhouse Rd",1,0,0,0,1,N/A
1035257,"January 25, 2018",Georgia,Byromville,"Church Ave and Hill Street",3,1,0,0,0,N/A
1035148,"January 24, 2018",Texas,"Fort Worth","3900 block of Lawnwood St",1,0,0,0,0,N/A
1031762,"January 20, 2018",California,Compton,"2876 W Alondra Blvd",1,0,0,0,2,N/A
1031949,"January 20, 2018",Missouri,"Kansas City","Emmanuel Cleaver II Blvd and US 71",1,0,0,0,0,N/A
1030452,"January 17, 2018",Michigan,"Grand Rapids","Montgomery St SE",2,0,0,0,0,N/A
1025673,"January 12, 2018",Tennessee,Nashville,"2614 Jenkins Ct",3,2,0,0,1,N/A